U,WallDistance,nut
0.032151,0.100330,0.000247
0.028102,0.100277,0.000238
0.030247,0.136442,0.000321
0.026618,0.136416,0.000307
0.023709,0.180999,0.000369
0.026823,0.181006,0.000395
0.022370,0.235964,0.000456
0.020048,0.235969,0.000412
0.017723,0.303732,0.000421
0.017746,0.303720,0.000489
0.017402,0.387243,0.000476
0.018613,0.303721,0.000536
0.014048,0.387240,0.000548
0.027792,0.490200,0.000429
0.019701,0.490194,0.000507
0.039052,0.562907,0.000389
0.030877,0.562920,0.000454
0.038588,0.549462,0.000422
0.045601,0.549431,0.000368
0.044788,0.493475,0.000399
0.050336,0.493445,0.000358
0.049655,0.442629,0.000384
0.053537,0.442599,0.000357
0.053287,0.396451,0.000370
0.055518,0.396421,0.000358
0.055914,0.354512,0.000336
0.056601,0.354482,0.000341
0.058058,0.316424,0.000273
0.057246,0.316392,0.000285
0.058456,0.281798,0.000230
0.061049,0.281832,0.000240
0.062771,0.250380,0.000272
0.067581,0.250417,0.000318
0.025753,0.009325,0.000016
0.025991,0.009083,0.000016
0.000000,0.000000,0.000000
0.000000,0.000000,0.000000
0.039022,0.020897,0.000056
0.039441,0.020518,0.000056
0.046175,0.035086,0.000102
0.046608,0.034861,0.000104
0.051031,0.054678,0.000148
0.051378,0.054529,0.000150
0.054626,0.081085,0.000195
0.054869,0.080978,0.000197
0.057511,0.116438,0.000241
0.057698,0.116357,0.000243
0.060177,0.163659,0.000284
0.060387,0.163592,0.000286
0.062939,0.226673,0.000318
0.063196,0.226610,0.000319
0.065472,0.294697,0.000329
0.065716,0.282455,0.000328
0.067025,0.298950,0.000325
0.067134,0.272253,0.000325
0.067529,0.221813,0.000328
0.067598,0.252676,0.000327
0.067501,0.187819,0.000331
0.067676,0.222680,0.000330
0.067391,0.165931,0.000322
0.067599,0.204453,0.000326
0.067201,0.152829,0.000301
0.067432,0.193919,0.000312
0.066812,0.145404,0.000272
0.067122,0.188097,0.000291
0.066116,0.141390,0.000239
0.066615,0.184996,0.000266
0.064991,0.139290,0.000208
0.065865,0.183383,0.000242
0.062808,0.138151,0.000176
0.064531,0.182510,0.000216
0.057911,0.137587,0.000144
0.061624,0.182072,0.000186
0.048793,0.137306,0.000123
0.055909,0.181842,0.000160
0.035386,0.137048,0.000120
0.046601,0.181624,0.000149
0.020106,0.136834,0.000133
0.033944,0.181435,0.000154
0.000000,0.000000,0.000000
0.025521,0.009677,0.000016
0.038492,0.021452,0.000055
0.045523,0.035424,0.000100
0.050436,0.054903,0.000145
0.054135,0.081244,0.000191
0.057087,0.116557,0.000238
0.059736,0.163755,0.000281
0.062434,0.226758,0.000316
0.064953,0.303077,0.000329
0.066624,0.327090,0.000326
0.067385,0.294909,0.000326
0.067616,0.269523,0.000329
0.067637,0.254606,0.000328
0.067559,0.246201,0.000320
0.067384,0.241631,0.000307
0.067090,0.239216,0.000290
0.066668,0.237962,0.000273
0.065949,0.237282,0.000253
0.064384,0.236936,0.000227
0.061152,0.236746,0.000201
0.055386,0.236562,0.000183
0.046543,0.236396,0.000180
0.035124,0.236255,0.000193
0.021113,0.181279,0.000177
0.024046,0.236142,0.000226
0.015105,0.181160,0.000220
0.017997,0.236057,0.000282
0.016783,0.181074,0.000278
0.017908,0.236000,0.000351
0.020287,0.181021,0.000332
0.000000,0.000000,0.000000
0.025156,0.010092,0.000016
0.037774,0.022107,0.000054
0.044567,0.035835,0.000098
0.049478,0.055177,0.000142
0.053266,0.081436,0.000188
0.056290,0.116699,0.000234
0.058923,0.163867,0.000278
0.061531,0.226856,0.000314
0.064000,0.304037,0.000329
0.065764,0.355139,0.000327
0.066714,0.351729,0.000326
0.067140,0.330644,0.000327
0.067317,0.318566,0.000328
0.067375,0.311878,0.000325
0.067353,0.308278,0.000319
0.067255,0.306384,0.000309
0.067087,0.305399,0.000298
0.066785,0.304864,0.000285
0.066080,0.304588,0.000266
0.064504,0.304430,0.000243
0.061414,0.304274,0.000222
0.056089,0.304132,0.000211
0.048130,0.304008,0.000215
0.038058,0.303904,0.000236
0.027776,0.303824,0.000279
0.020512,0.303766,0.000344
0.012051,0.136667,0.000164
0.014551,0.136546,0.000210
0.018767,0.136466,0.000256
0.022804,0.136424,0.000288
0.012641,0.013094,0.000013
0.000000,0.000000,0.000000
0.022397,0.013878,0.000013
0.000000,0.000000,0.000000
0.010985,0.012744,0.000015
0.000000,0.000000,0.000000
0.009024,0.012633,0.000018
0.000000,0.000000,0.000000
0.007422,0.012613,0.000019
0.000000,0.000000,0.000000
0.006836,0.012638,0.000020
0.000000,0.000000,0.000000
0.007503,0.012697,0.000021
0.000000,0.000000,0.000000
0.009332,0.012794,0.000021
0.000000,0.000000,0.000000
0.028832,0.029673,0.000027
0.008239,0.028863,0.000033
0.011251,0.028423,0.000042
0.011678,0.028236,0.000051
0.011556,0.028176,0.000060
0.012132,0.028192,0.000064
0.013869,0.028269,0.000066
0.016729,0.028409,0.000066
0.038844,0.048692,0.000046
0.016197,0.048101,0.000049
0.008102,0.047685,0.000063
0.011930,0.047442,0.000081
0.013549,0.047311,0.000099
0.015345,0.047257,0.000112
0.017898,0.047260,0.000116
0.021265,0.047314,0.000116
0.046918,0.072318,0.000072
0.028404,0.071872,0.000067
0.010542,0.071512,0.000079
0.009796,0.071260,0.000101
0.013660,0.071098,0.000130
0.016703,0.071004,0.000155
0.019971,0.070964,0.000167
0.023661,0.070970,0.000171
0.053106,0.101528,0.000106
0.039690,0.101179,0.000092
0.022300,0.100873,0.000097
0.009853,0.100636,0.000117
0.012021,0.100465,0.000152
0.016219,0.100351,0.000190
0.020174,0.100285,0.000217
0.024098,0.100261,0.000230
0.026197,0.008919,0.000016
0.000000,0.000000,0.000000
0.039745,0.020264,0.000057
0.046879,0.034712,0.000105
0.051556,0.054432,0.000152
0.054951,0.080909,0.000199
0.057742,0.116303,0.000245
0.060455,0.163547,0.000287
0.063292,0.226569,0.000319
0.065784,0.274614,0.000328
0.067056,0.254244,0.000325
0.067274,0.199618,0.000329
0.067160,0.162149,0.000331
0.067068,0.137089,0.000318
0.066922,0.121240,0.000290
0.066531,0.111799,0.000253
0.065703,0.106567,0.000212
0.064188,0.103793,0.000173
0.060846,0.102276,0.000136
0.000000,0.000000,0.000000
0.012165,0.012937,0.000022
0.020556,0.028624,0.000068
0.025355,0.047421,0.000118
0.027765,0.071020,0.000174
0.056473,0.396327,0.000362
0.055760,0.396297,0.000368
0.054761,0.354392,0.000361
0.053702,0.354366,0.000367
0.056885,0.396357,0.000357
0.055764,0.354420,0.000354
0.056669,0.396388,0.000354
0.056473,0.354449,0.000347
0.053011,0.316304,0.000323
0.051676,0.316280,0.000332
0.054492,0.316329,0.000312
0.055978,0.316358,0.000299
0.051604,0.281709,0.000244
0.049957,0.281687,0.000252
0.053601,0.281733,0.000236
0.055921,0.281763,0.000231
0.051965,0.250287,0.000204
0.049672,0.250266,0.000196
0.054883,0.250311,0.000218
0.058493,0.250342,0.000240
0.049165,0.354152,0.000375
0.046579,0.316097,0.000356
0.049484,0.354175,0.000376
0.046940,0.316117,0.000356
0.049776,0.354204,0.000376
0.047268,0.316142,0.000355
0.050139,0.354233,0.000376
0.047672,0.316167,0.000353
0.050606,0.354259,0.000376
0.048188,0.316190,0.000351
0.051186,0.354286,0.000375
0.048825,0.316212,0.000348
0.051886,0.354313,0.000374
0.049597,0.316235,0.000344
0.052726,0.354340,0.000371
0.050539,0.316257,0.000339
0.044632,0.316062,0.000359
0.041863,0.281499,0.000309
0.045453,0.316067,0.000358
0.042827,0.281501,0.000304
0.046092,0.316080,0.000357
0.043574,0.281512,0.000300
0.044140,0.281527,0.000296
0.044557,0.281544,0.000293
0.044933,0.281567,0.000290
0.045391,0.281589,0.000286
0.045971,0.281608,0.000281
0.046686,0.281627,0.000275
0.047555,0.281647,0.000268
0.048626,0.281666,0.000261
0.039363,0.250103,0.000220
0.040553,0.250102,0.000213
0.041480,0.250111,0.000208
0.042188,0.250123,0.000205
0.042712,0.250138,0.000202
0.043187,0.250158,0.000200
0.043758,0.250179,0.000197
0.044480,0.250195,0.000195
0.045380,0.250212,0.000193
0.046489,0.250229,0.000192
0.047886,0.250247,0.000192
0.100974,0.011189,0.000314
0.100754,0.011225,0.000315
0.100782,0.011223,0.000314
0.100723,0.011243,0.000314
0.100481,0.011265,0.000316
0.088138,0.018080,0.000444
0.088302,0.018096,0.000445
0.220503,0.011292,0.000509
0.248215,0.019109,0.000719
0.219474,0.011259,0.000507
0.249095,0.019114,0.000720
0.480722,0.008190,0.002630
0.480658,0.008215,0.002627
0.480580,0.008217,0.002623
0.458559,0.010293,0.001817
0.417681,0.017074,0.001264
0.458603,0.010267,0.001817
0.417811,0.017074,0.001266
0.500000,0.000000,0.006213
0.500000,0.000000,0.006213
0.494602,0.006731,0.001576
0.461999,0.015515,0.001644
0.485148,0.010778,0.000994
0.499950,0.000180,0.005999
0.494626,0.006714,0.001576
0.494588,0.006743,0.001571
0.485185,0.010766,0.000993
0.489977,0.004250,0.000647
0.482015,0.005567,0.000417
0.490058,0.004257,0.000650
0.481963,0.005551,0.000414
0.000000,0.000000,0.000000
0.162970,0.001970,0.000217
0.000000,0.000000,0.000000
0.201102,0.001968,0.000149
0.405973,0.010581,0.000922
0.406846,0.010602,0.000928
0.220640,0.011226,0.000506
0.490769,0.003990,0.002342
0.490613,0.003968,0.002342
0.498126,0.000132,0.005948
0.500000,0.000000,0.006213
0.408023,0.010564,0.000935
0.459059,0.010229,0.001814
0.497929,0.002695,0.000856
0.497911,0.002702,0.000858
0.499949,0.000130,0.005824
0.500000,0.000000,0.006213
0.497863,0.002697,0.000851
0.490087,0.004237,0.000644
0.000000,0.000000,0.000000
0.017935,0.008711,0.000013
0.000000,0.000000,0.000000
0.017439,0.008738,0.000013
0.028827,0.019942,0.000046
0.028432,0.019986,0.000046
0.035406,0.034558,0.000086
0.035199,0.034593,0.000086
0.039973,0.054369,0.000125
0.039980,0.054398,0.000125
0.043134,0.080912,0.000167
0.043434,0.080935,0.000167
0.044858,0.116370,0.000213
0.045605,0.116386,0.000213
0.045177,0.163688,0.000261
0.046541,0.163697,0.000260
0.046611,0.226811,0.000304
0.044509,0.226809,0.000306
0.046713,0.304115,0.000337
0.043986,0.301295,0.000339
0.047451,0.370561,0.000355
0.044463,0.346918,0.000357
0.048507,0.395890,0.000363
0.045521,0.354126,0.000366
0.049477,0.395997,0.000368
0.046573,0.354117,0.000370
0.050274,0.395992,0.000371
0.047462,0.354110,0.000373
0.050911,0.396001,0.000372
0.048178,0.354117,0.000374
0.051408,0.396018,0.000374
0.048737,0.354132,0.000375
0.051790,0.396041,0.000374
0.052077,0.396068,0.000375
0.052341,0.396102,0.000375
0.052671,0.396136,0.000376
0.053097,0.396169,0.000376
0.053623,0.396202,0.000376
0.054251,0.396235,0.000375
0.054978,0.396266,0.000372
0.000000,0.000000,0.000000
0.018975,0.008690,0.000013
0.029841,0.019909,0.000046
0.036135,0.034533,0.000086
0.040375,0.054348,0.000125
0.043138,0.080896,0.000167
0.044300,0.116357,0.000215
0.043874,0.163680,0.000264
0.042340,0.226806,0.000307
0.041102,0.289416,0.000338
0.041318,0.316017,0.000352
0.042430,0.316084,0.000358
0.043615,0.316072,0.000359
0.000000,0.000000,0.000000
0.020609,0.008674,0.000013
0.031493,0.019883,0.000047
0.037437,0.034515,0.000087
0.041243,0.054334,0.000126
0.043463,0.080884,0.000168
0.043923,0.116349,0.000217
0.042619,0.163675,0.000266
0.040093,0.226806,0.000305
0.038050,0.272131,0.000325
0.038028,0.281454,0.000328
0.039276,0.281527,0.000323
0.040666,0.281512,0.000316
0.000000,0.000000,0.000000
0.022871,0.008662,0.000013
0.033805,0.019864,0.000048
0.039342,0.034503,0.000089
0.042612,0.054325,0.000128
0.044141,0.080878,0.000171
0.043732,0.116345,0.000219
0.041403,0.163674,0.000264
0.037764,0.219831,0.000289
0.034848,0.249455,0.000286
0.034651,0.250060,0.000265
0.036175,0.250141,0.000245
0.037889,0.250121,0.000230
0.156367,0.003936,0.000177
0.000000,0.000000,0.000000
0.154580,0.003968,0.000203
0.000000,0.000000,0.000000
0.099785,0.011728,0.000403
0.201175,0.001968,0.000149
0.008486,0.000081,0.000007
0.099706,0.011674,0.000402
0.217483,0.011206,0.000505
0.126746,0.004729,0.000268
0.251031,0.006160,0.000395
0.246529,0.000000,0.003063
0.356021,0.001951,0.001497
0.425017,0.004641,0.001489
0.490288,0.001346,0.000329
0.500000,0.000000,0.006213
0.000000,0.000000,0.000000
0.250000,0.000000,0.003107
0.000000,0.000000,0.000002
0.000000,0.000000,0.000000
0.046733,0.562895,0.000339
0.053106,0.562888,0.000307
0.051609,0.549393,0.000331
0.056066,0.549351,0.000312
0.058871,0.549304,0.000308
0.057434,0.493372,0.000325
0.058857,0.493333,0.000327
0.054640,0.493409,0.000334
0.057553,0.442532,0.000342
0.057929,0.442498,0.000347
0.056178,0.442565,0.000344
0.000000,0.000000,0.000000
0.020346,0.009770,0.000014
0.000000,0.000000,0.000000
0.022613,0.009496,0.000014
0.032187,0.021490,0.000048
0.034520,0.021024,0.000049
0.041191,0.035218,0.000092
0.038939,0.035508,0.000089
0.046059,0.054795,0.000134
0.043860,0.054985,0.000130
0.049916,0.081190,0.000178
0.047724,0.081321,0.000173
0.052963,0.116542,0.000223
0.050705,0.116639,0.000218
0.055431,0.163776,0.000267
0.052997,0.163854,0.000263
0.057656,0.226821,0.000306
0.054917,0.226890,0.000303
0.059781,0.304057,0.000329
0.056734,0.304127,0.000329
0.061529,0.381295,0.000333
0.058334,0.381373,0.000337
0.062747,0.441047,0.000332
0.059555,0.444443,0.000338
0.063527,0.472092,0.000332
0.060404,0.491727,0.000338
0.064032,0.485483,0.000332
0.060987,0.527176,0.000338
0.064383,0.492739,0.000332
0.061408,0.550084,0.000338
0.064633,0.493156,0.000332
0.061720,0.560647,0.000338
0.064812,0.491970,0.000330
0.061956,0.563325,0.000338
0.064942,0.491352,0.000328
0.062138,0.563079,0.000337
0.065057,0.491016,0.000325
0.062313,0.562963,0.000336
0.065146,0.490839,0.000319
0.062515,0.562922,0.000334
0.062716,0.562912,0.000329
0.065117,0.490732,0.000310
0.062839,0.562902,0.000322
0.064796,0.490627,0.000297
0.062731,0.562895,0.000312
0.063873,0.490528,0.000283
0.062119,0.562889,0.000300
0.061887,0.490438,0.000272
0.058323,0.490360,0.000270
0.060604,0.562886,0.000292
0.052821,0.490297,0.000283
0.057720,0.562885,0.000292
0.045419,0.490248,0.000313
0.036714,0.490216,0.000362
0.000000,0.000000,0.000000
0.018716,0.009646,0.000014
0.030441,0.021374,0.000048
0.037266,0.035439,0.000088
0.042254,0.054944,0.000128
0.046110,0.081299,0.000171
0.049003,0.116629,0.000216
0.051090,0.163854,0.000261
0.052680,0.226902,0.000302
0.054164,0.304150,0.000330
0.055577,0.381410,0.000341
0.056747,0.444496,0.000344
0.057613,0.491794,0.000345
0.058239,0.521500,0.000346
0.058707,0.536640,0.000346
0.059063,0.545540,0.000346
0.059336,0.548760,0.000346
0.059545,0.548809,0.000346
0.059745,0.548869,0.000346
0.059991,0.548935,0.000345
0.060281,0.549001,0.000342
0.060581,0.549068,0.000338
0.060812,0.549134,0.000332
0.060814,0.549196,0.000322
0.060304,0.549253,0.000313
0.000000,0.000000,0.000000
0.017867,0.008857,0.000013
0.029215,0.020144,0.000047
0.036111,0.034710,0.000087
0.041107,0.054483,0.000127
0.044907,0.080993,0.000169
0.047652,0.116422,0.000214
0.049460,0.163714,0.000260
0.050648,0.226810,0.000302
0.051747,0.304095,0.000331
0.052961,0.381383,0.000345
0.054091,0.443166,0.000351
0.054988,0.479016,0.000353
0.055669,0.490994,0.000354
0.056194,0.492847,0.000355
0.056599,0.492869,0.000356
0.056909,0.492901,0.000356
0.057145,0.492941,0.000356
0.057367,0.492989,0.000356
0.057644,0.493040,0.000356
0.057992,0.493092,0.000355
0.058397,0.493144,0.000353
0.058822,0.493195,0.000349
0.059184,0.493245,0.000342
0.059301,0.493290,0.000334
0.000000,0.000000,0.000000
0.017436,0.008779,0.000013
0.028581,0.020047,0.000046
0.035446,0.034643,0.000086
0.040365,0.054437,0.000126
0.044034,0.080964,0.000168
0.046542,0.116405,0.000213
0.047971,0.163707,0.000259
0.048658,0.226813,0.000302
0.049300,0.304107,0.000334
0.050288,0.381406,0.000350
0.051376,0.429790,0.000357
0.052303,0.442097,0.000361
0.053037,0.442093,0.000363
0.053614,0.442103,0.000364
0.054061,0.442123,0.000365
0.054404,0.442150,0.000366
0.054663,0.442182,0.000366
0.054904,0.442222,0.000367
0.055205,0.442264,0.000367
0.055592,0.442304,0.000367
0.056063,0.442345,0.000366
0.056604,0.442386,0.000364
0.057182,0.442425,0.000360
0.057694,0.442463,0.000354
0.032165,0.387293,0.000327
0.023490,0.387258,0.000397
0.000000,0.000000,0.000000
0.024340,0.010067,0.000015
0.036622,0.022021,0.000051
0.043242,0.035796,0.000095
0.048116,0.055159,0.000138
0.051957,0.081431,0.000183
0.055026,0.116703,0.000229
0.057615,0.163880,0.000273
0.060084,0.226881,0.000310
0.062438,0.304079,0.000329
0.064241,0.376022,0.000330
0.065358,0.410929,0.000328
0.065982,0.408811,0.000328
0.066339,0.399088,0.000329
0.066558,0.393766,0.000328
0.066689,0.390919,0.000326
0.066753,0.389423,0.000322
0.066769,0.388645,0.000316
0.066733,0.388222,0.000309
0.066545,0.388000,0.000297
0.065973,0.387869,0.000280
0.064651,0.387740,0.000261
0.062027,0.387619,0.000246
0.057485,0.387512,0.000241
0.050681,0.387421,0.000251
0.041870,0.387347,0.000279
0.000000,0.000000,0.000000
0.000000,0.000000,0.000000
0.025345,0.013174,0.000027
0.020411,0.013332,0.000025
0.000000,0.000000,0.000000
0.030454,0.012752,0.000029
0.035931,0.028955,0.000081
0.030435,0.029227,0.000076
0.041341,0.028260,0.000087
0.000000,0.000000,0.000000
0.015911,0.013134,0.000023
0.025202,0.028927,0.000071
0.030004,0.047587,0.000123
0.035018,0.047757,0.000131
0.040176,0.047593,0.000140
0.045139,0.047188,0.000151
0.032167,0.071116,0.000181
0.036733,0.071220,0.000191
0.041292,0.071108,0.000204
0.045543,0.070841,0.000222
0.036171,0.100394,0.000261
0.040042,0.100310,0.000279
0.043503,0.100123,0.000302
0.033682,0.136480,0.000338
0.036850,0.136414,0.000360
0.039538,0.136276,0.000386
0.037279,0.137308,0.000655
0.037905,0.137054,0.000628
0.032444,0.181842,0.000660
0.032234,0.181627,0.000638
0.036868,0.137588,0.000679
0.032894,0.182071,0.000680
0.027532,0.236744,0.000628
0.028737,0.236934,0.000646
0.002260,0.010596,0.000045
0.000000,0.000000,0.000000
0.001076,0.010182,0.000046
0.000000,0.000000,0.000000
0.001734,0.022936,0.000166
0.004115,0.022282,0.000168
0.001935,0.009706,0.000047
0.000000,0.000000,0.000000
0.005519,0.021531,0.000169
0.002584,0.009366,0.000047
0.000000,0.000000,0.000000
0.006178,0.021007,0.000171
0.002882,0.009144,0.000049
0.000000,0.000000,0.000000
0.006161,0.020677,0.000175
0.002847,0.009014,0.000051
0.000000,0.000000,0.000000
0.005504,0.020498,0.000181
0.002400,0.008967,0.000055
0.000000,0.000000,0.000000
0.004454,0.020458,0.000189
0.002588,0.009042,0.000060
0.000000,0.000000,0.000000
0.004409,0.020593,0.000200
0.006090,0.009390,0.000070
0.000000,0.000000,0.000000
0.007895,0.021030,0.000215
0.014179,0.010209,0.000091
0.000000,0.000000,0.000000
0.014929,0.021868,0.000239
0.028089,0.013647,0.000148
0.000000,0.000000,0.000000
0.000000,0.000000,0.000000
0.000000,0.000000,0.000000
0.039330,0.013504,0.000034
0.035241,0.013052,0.000031
0.000000,0.000000,0.000000
0.042524,0.013329,0.000039
0.000000,0.000000,0.000000
0.044783,0.013069,0.000042
0.000000,0.000000,0.000000
0.046265,0.012881,0.000047
0.000000,0.000000,0.000000
0.046889,0.012759,0.000052
0.000000,0.000000,0.000000
0.046660,0.012693,0.000059
0.000000,0.000000,0.000000
0.045676,0.012685,0.000066
0.000000,0.000000,0.000000
0.044160,0.012777,0.000077
0.000000,0.000000,0.000000
0.042862,0.013115,0.000093
0.000000,0.000000,0.000000
0.042975,0.013900,0.000122
0.041632,0.016498,0.000173
0.037453,0.023296,0.000255
0.050048,0.029496,0.000104
0.046221,0.028746,0.000094
0.052636,0.029237,0.000113
0.054187,0.028839,0.000123
0.054842,0.028556,0.000135
0.054661,0.028382,0.000147
0.053797,0.028302,0.000161
0.052436,0.028318,0.000177
0.050702,0.028476,0.000196
0.048681,0.028899,0.000221
0.046622,0.029708,0.000260
0.043725,0.032306,0.000319
0.040230,0.036939,0.000383
0.049379,0.047479,0.000166
0.052441,0.047925,0.000182
0.054324,0.047783,0.000199
0.055251,0.047565,0.000217
0.055358,0.047427,0.000236
0.054792,0.047367,0.000257
0.053722,0.047384,0.000280
0.052302,0.047489,0.000306
0.050627,0.047715,0.000335
0.048695,0.048120,0.000370
0.046519,0.048709,0.000412
0.044019,0.050337,0.000458
0.048980,0.071037,0.000244
0.051242,0.071339,0.000268
0.052440,0.071259,0.000292
0.052825,0.071135,0.000317
0.052565,0.071073,0.000342
0.051819,0.071076,0.000370
0.050712,0.071145,0.000399
0.049343,0.071290,0.000431
0.047769,0.071530,0.000466
0.045992,0.071883,0.000502
0.044096,0.072327,0.000539
0.046113,0.100265,0.000330
0.047617,0.100486,0.000359
0.048199,0.100444,0.000387
0.048146,0.100377,0.000414
0.047641,0.100361,0.000442
0.046809,0.100400,0.000471
0.045742,0.100497,0.000502
0.044524,0.100656,0.000535
0.043221,0.100884,0.000568
0.041887,0.101184,0.000600
0.040643,0.101532,0.000630
0.041362,0.136385,0.000416
0.042173,0.136555,0.000444
0.042227,0.136537,0.000470
0.041839,0.136507,0.000493
0.041194,0.136520,0.000517
0.040392,0.136580,0.000543
0.039525,0.136688,0.000570
0.038672,0.136846,0.000599
0.000000,0.000000,0.000000
0.000000,0.000000,0.000000
0.001960,0.006752,0.000005
0.000000,0.000000,0.000000
0.000000,0.000000,0.000000
0.003106,0.010995,0.000016
0.000000,0.000000,0.000000
0.005028,0.012460,0.000025
0.000000,0.000000,0.000000
0.008417,0.012622,0.000032
0.000000,0.000000,0.000000
0.013311,0.012812,0.000040
0.000000,0.000000,0.000000
0.019115,0.013101,0.000050
0.000000,0.000000,0.000000
0.024115,0.013418,0.000065
0.000000,0.000000,0.000000
0.025385,0.013171,0.000085
0.000000,0.000000,0.000000
0.018829,0.012779,0.000111
0.000000,0.000000,0.000000
0.008413,0.013157,0.000132
0.000000,0.000000,0.000000
0.032971,0.013403,0.000142
0.000000,0.000000,0.000000
0.063215,0.013097,0.000144
0.000000,0.000000,0.000000
0.098088,0.012827,0.000143
0.000000,0.000000,0.000000
0.133648,0.012683,0.000140
0.000000,0.000000,0.000000
0.169778,0.012629,0.000136
0.000000,0.000000,0.000000
0.211688,0.010053,0.000132
0.002829,0.008820,0.000014
0.000000,0.000000,0.000000
0.005594,0.018502,0.000047
0.008547,0.025531,0.000078
0.011883,0.028169,0.000102
0.016089,0.028458,0.000124
0.020740,0.028904,0.000152
0.024358,0.029382,0.000191
0.024311,0.028933,0.000241
0.017863,0.028267,0.000294
0.013532,0.028900,0.000321
0.037130,0.029346,0.000310
0.066706,0.028890,0.000283
0.099231,0.028476,0.000250
0.132859,0.028242,0.000217
0.167378,0.025348,0.000188
0.206597,0.015370,0.000158
0.005230,0.008845,0.000022
0.000000,0.000000,0.000000
0.008500,0.020328,0.000076
0.011095,0.033373,0.000135
0.013566,0.043675,0.000183
0.016405,0.047323,0.000226
0.019541,0.047578,0.000277
0.021932,0.047855,0.000343
0.021540,0.047582,0.000423
0.017581,0.047177,0.000494
0.021114,0.047546,0.000496
0.041676,0.047823,0.000436
0.067992,0.047582,0.000365
0.097189,0.047380,0.000296
0.127671,0.044649,0.000235
0.159587,0.035621,0.000187
0.197659,0.021480,0.000138
0.008596,0.008903,0.000027
0.000000,0.000000,0.000000
0.011873,0.020359,0.000098
0.013506,0.035129,0.000185
0.014658,0.052938,0.000261
0.015832,0.066596,0.000331
0.017316,0.071106,0.000407
0.018702,0.071278,0.000499
0.018789,0.071088,0.000605
0.019220,0.070810,0.000674
0.028972,0.071052,0.000637
0.047702,0.071249,0.000531
0.069980,0.071117,0.000424
0.093985,0.067376,0.000327
0.118603,0.055864,0.000243
0.144058,0.040936,0.000175
0.177038,0.027582,0.000106
0.012310,0.008995,0.000030
0.000000,0.000000,0.000000
0.015563,0.020469,0.000114
0.016081,0.035099,0.000224
0.015740,0.055057,0.000330
0.015040,0.078532,0.000432
0.014608,0.095462,0.000536
0.015091,0.100417,0.000653
0.016804,0.100271,0.000773
0.022885,0.100065,0.000828
0.036803,0.100235,0.000755
0.054179,0.100388,0.000615
0.072356,0.095191,0.000486
0.090297,0.078793,0.000372
0.107056,0.056697,0.000273
0.122559,0.038118,0.000189
0.142038,0.022756,0.000096
0.015506,0.009141,0.000032
0.000000,0.000000,0.000000
0.018844,0.020675,0.000124
0.018503,0.035157,0.000254
0.016853,0.055012,0.000390
0.014324,0.081692,0.000524
0.011733,0.112018,0.000659
0.011538,0.131783,0.000795
0.016438,0.136346,0.000917
0.027868,0.136185,0.000950
0.044246,0.136310,0.000849
0.060419,0.131498,0.000693
0.074921,0.111278,0.000551
0.087224,0.080847,0.000429
0.096404,0.054369,0.000321
0.102103,0.034660,0.000221
0.107892,0.018097,0.000112
0.017506,0.009368,0.000034
0.000000,0.000000,0.000000
0.021059,0.021015,0.000133
0.020226,0.035311,0.000277
0.017650,0.055053,0.000439
0.013652,0.081652,0.000604
0.008922,0.117239,0.000765
0.008819,0.155849,0.000914
0.018110,0.177430,0.001025
0.033453,0.180739,0.001033
0.051087,0.177170,0.000914
0.066046,0.155147,0.000748
0.077428,0.116424,0.000593
0.085198,0.081023,0.000456
0.089057,0.054593,0.000335
0.089060,0.034982,0.000226
0.084869,0.020746,0.000123
0.093948,0.008833,0.000043
0.069378,0.009244,0.000038
0.000000,0.000000,0.000000
0.000000,0.000000,0.000000
0.018041,0.009709,0.000036
0.000000,0.000000,0.000000
0.021642,0.021541,0.000140
0.020612,0.035592,0.000297
0.017532,0.055192,0.000477
0.012604,0.081697,0.000664
0.006224,0.117215,0.000842
0.008238,0.164657,0.000993
0.021416,0.213243,0.001088
0.039126,0.234498,0.001075
0.057227,0.212614,0.000944
0.071007,0.163888,0.000766
0.079859,0.116592,0.000590
0.084179,0.081226,0.000433
0.084319,0.054861,0.000307
0.080816,0.035375,0.000204
0.073470,0.021393,0.000111
0.056091,0.009645,0.000034
0.000000,0.000000,0.000000
0.017113,0.010185,0.000038
0.000000,0.000000,0.000000
0.020391,0.022291,0.000148
0.019237,0.036026,0.000312
0.015945,0.055443,0.000503
0.010573,0.081831,0.000700
0.003550,0.117269,0.000882
0.010383,0.164653,0.001028
0.025740,0.227900,0.001110
0.044664,0.263686,0.001082
0.062755,0.227206,0.000943
0.075533,0.164048,0.000749
0.082514,0.116780,0.000553
0.084403,0.081465,0.000390
0.082014,0.055193,0.000274
0.076303,0.035873,0.000185
0.067158,0.022207,0.000102
0.048664,0.010154,0.000031
0.000000,0.000000,0.000000
0.015020,0.010599,0.000041
0.000000,0.000000,0.000000
0.017530,0.022944,0.000154
0.016102,0.036415,0.000323
0.012643,0.055674,0.000518
0.007076,0.081963,0.000716
0.003069,0.117334,0.000895
0.014521,0.164671,0.001033
0.030816,0.227888,0.001103
0.050163,0.263732,0.001067
0.067982,0.227324,0.000921
0.080019,0.164177,0.000716
0.085765,0.116934,0.000512
0.086055,0.081666,0.000357
0.081986,0.055473,0.000254
0.074871,0.036295,0.000174
0.064921,0.022886,0.000096
0.046082,0.010579,0.000029
0.000000,0.000000,0.000000
0.011886,0.009983,0.000042
0.000000,0.000000,0.000000
0.013222,0.021936,0.000158
0.011304,0.035801,0.000329
0.007565,0.055269,0.000525
0.002429,0.081677,0.000721
0.007923,0.117118,0.000894
0.020190,0.164500,0.001023
0.036638,0.227749,0.001084
0.055885,0.263651,0.001040
0.073338,0.227268,0.000891
0.084883,0.164078,0.000682
0.089954,0.116775,0.000481
0.089365,0.081421,0.000337
0.084275,0.055096,0.000243
0.076138,0.035698,0.000167
0.065225,0.021886,0.000093
0.045648,0.009965,0.000028
0.000000,0.000000,0.000000
0.000000,0.000000,0.000000
0.008705,0.009225,0.000043
0.008292,0.020708,0.000161
0.005497,0.035053,0.000334
0.002149,0.054784,0.000529
0.005969,0.081342,0.000720
0.014623,0.116876,0.000887
0.026769,0.164318,0.001008
0.042912,0.227609,0.001058
0.061807,0.263553,0.001009
0.078971,0.227175,0.000861
0.090289,0.163936,0.000656
0.095106,0.116565,0.000462
0.094171,0.081109,0.000326
0.088547,0.054626,0.000236
0.079670,0.034959,0.000164
0.067806,0.020662,0.000092
0.047198,0.009209,0.000028
0.000000,0.000000,0.000000
0.000000,0.000000,0.000000
0.005570,0.009981,0.000044
0.003579,0.021931,0.000165
0.001788,0.035793,0.000337
0.005708,0.055257,0.000529
0.011995,0.081659,0.000716
0.020727,0.117093,0.000878
0.032701,0.164469,0.000990
0.048552,0.227713,0.001031
0.067202,0.263648,0.000979
0.084330,0.227297,0.000836
0.095741,0.164101,0.000640
0.100672,0.116791,0.000455
0.099818,0.081431,0.000323
0.094069,0.055101,0.000235
0.084733,0.035699,0.000164
0.072262,0.021885,0.000094
0.050512,0.009964,0.000029
0.000000,0.000000,0.000000
0.005145,0.036401,0.000338
0.009846,0.055652,0.000527
0.016192,0.081929,0.000711
0.024919,0.117285,0.000866
0.036862,0.164607,0.000970
0.052662,0.227813,0.001004
0.071355,0.263727,0.000953
0.088715,0.227388,0.000819
0.100446,0.164228,0.000636
0.105742,0.116971,0.000458
0.105279,0.081689,0.000327
0.099727,0.055484,0.000237
0.090095,0.036298,0.000166
0.076870,0.022884,0.000097
0.053765,0.010578,0.000032
0.000000,0.000000,0.000000
0.007787,0.036008,0.000339
0.012448,0.055411,0.000526
0.018757,0.081779,0.000706
0.027491,0.117190,0.000853
0.039504,0.164548,0.000949
0.055432,0.227774,0.000978
0.074367,0.263678,0.000932
0.092093,0.227313,0.000810
0.104215,0.164134,0.000638
0.109938,0.116844,0.000466
0.109973,0.081509,0.000334
0.104808,0.055219,0.000242
0.095076,0.035887,0.000169
0.080961,0.022219,0.000100
0.056436,0.010159,0.000034
0.000000,0.000000,0.000000
0.009231,0.035571,0.000340
0.013860,0.055150,0.000525
0.020161,0.081623,0.000700
0.028968,0.117099,0.000840
0.041159,0.164496,0.000928
0.057345,0.227744,0.000955
0.076620,0.263624,0.000914
0.094738,0.227221,0.000803
0.107227,0.164021,0.000641
0.113346,0.116697,0.000476
0.113871,0.081305,0.000344
0.109183,0.054919,0.000248
0.099583,0.035422,0.000172
0.084791,0.021451,0.000101
0.058798,0.009676,0.000035
0.000000,0.000000,0.000000
0.009782,0.035290,0.000343
0.014345,0.055002,0.000525
0.020695,0.081552,0.000693
0.029695,0.117074,0.000825
0.042193,0.164496,0.000907
0.058727,0.227755,0.000934
0.078367,0.263591,0.000900
0.096837,0.227140,0.000798
0.109627,0.163933,0.000646
0.116074,0.116588,0.000485
0.117028,0.081159,0.000353
0.112811,0.054709,0.000255
0.103496,0.035096,0.000176
0.088367,0.020899,0.000103
0.061099,0.009325,0.000035
0.000000,0.000000,0.000000
0.009571,0.035142,0.000347
0.014129,0.054953,0.000526
0.020674,0.081560,0.000686
0.030022,0.117113,0.000810
0.042921,0.164547,0.000887
0.059822,0.227804,0.000916
0.079785,0.263574,0.000888
0.098527,0.227065,0.000795
0.111539,0.163860,0.000649
0.118237,0.116507,0.000493
0.119545,0.081058,0.000362
0.115751,0.054567,0.000262
0.106779,0.034877,0.000180
0.091582,0.020525,0.000105
0.063373,0.009085,0.000035
0.000000,0.000000,0.000000
0.008792,0.035108,0.000353
0.013543,0.054996,0.000527
0.020481,0.081642,0.000679
0.030281,0.117211,0.000795
0.043582,0.164645,0.000870
0.060783,0.227890,0.000901
0.080977,0.263570,0.000879
0.099903,0.226989,0.000792
0.113064,0.163796,0.000653
0.119949,0.116444,0.000501
0.121538,0.080985,0.000370
0.118110,0.054470,0.000268
0.109479,0.034731,0.000185
0.094353,0.020272,0.000107
0.065455,0.008922,0.000036
0.000000,0.000000,0.000000
0.007961,0.035191,0.000362
0.013147,0.055136,0.000529
0.020557,0.081802,0.000671
0.030746,0.117369,0.000781
0.044316,0.164788,0.000856
0.061682,0.228008,0.000890
0.082000,0.263576,0.000873
0.101029,0.226910,0.000790
0.114283,0.163735,0.000656
0.121302,0.116392,0.000507
0.123113,0.080931,0.000377
0.119991,0.054403,0.000274
0.111678,0.034632,0.000188
0.096681,0.020103,0.000108
0.067265,0.008812,0.000036
0.000000,0.000000,0.000000
0.008279,0.035421,0.000371
0.013710,0.055388,0.000529
0.021286,0.082044,0.000664
0.031561,0.117586,0.000770
0.045165,0.164974,0.000845
0.062539,0.228155,0.000882
0.082881,0.263590,0.000867
0.101951,0.226827,0.000789
0.115257,0.163677,0.000658
0.122372,0.116346,0.000512
0.124357,0.080889,0.000383
0.121488,0.054355,0.000279
0.113460,0.034565,0.000191
0.098614,0.019989,0.000110
0.068798,0.008738,0.000036
0.000000,0.000000,0.000000
0.011121,0.035854,0.000381
0.015807,0.055769,0.000530
0.022810,0.082367,0.000659
0.032713,0.117856,0.000763
0.046090,0.165192,0.000839
0.063336,0.228323,0.000877
0.083631,0.263610,0.000863
0.102702,0.226741,0.000787
0.116031,0.163619,0.000660
0.123215,0.116304,0.000517
0.125334,0.080853,0.000388
0.122672,0.054318,0.000283
0.114890,0.034516,0.000194
0.100207,0.019905,0.000111
0.070097,0.008683,0.000036
0.000000,0.000000,0.000000
0.016376,0.036476,0.000395
0.019271,0.056241,0.000535
0.024937,0.082736,0.000658
0.034064,0.118148,0.000761
0.047023,0.165423,0.000836
0.064056,0.228498,0.000874
0.084265,0.263631,0.000860
0.103314,0.226654,0.000786
0.116652,0.163562,0.000661
0.123885,0.116263,0.000520
0.126107,0.080819,0.000392
0.123608,0.054282,0.000286
0.116031,0.034469,0.000197
0.101511,0.019827,0.000112
0.071193,0.008619,0.000036
0.000000,0.000000,0.000000
0.024903,0.025122,0.000285
0.023100,0.038561,0.000420
0.023466,0.057643,0.000547
0.027351,0.083721,0.000663
0.035483,0.118863,0.000762
0.047929,0.165948,0.000835
0.064712,0.228882,0.000871
0.084820,0.263742,0.000858
0.103836,0.226575,0.000785
0.117175,0.163511,0.000663
0.124446,0.116230,0.000524
0.126750,0.080794,0.000396
0.124385,0.054259,0.000289
0.116977,0.034442,0.000199
0.102601,0.019784,0.000113
0.072217,0.008580,0.000036
0.000000,0.000000,0.000000
0.032765,0.032443,0.000357
0.029046,0.043938,0.000463
0.027600,0.061437,0.000571
0.029921,0.086412,0.000675
0.037008,0.120793,0.000767
0.048880,0.167346,0.000836
0.065380,0.229897,0.000869
0.085370,0.264129,0.000855
0.104349,0.226513,0.000784
0.117685,0.163476,0.000664
0.124990,0.116213,0.000526
0.127371,0.080790,0.000399
0.125131,0.054266,0.000292
0.117877,0.034460,0.000201
0.103652,0.019823,0.000114
0.073371,0.008617,0.000037
0.000000,0.000000,0.000000
0.036767,0.043393,0.000447
0.033345,0.053390,0.000522
0.031351,0.068833,0.000606
0.032672,0.091899,0.000694
0.038780,0.124815,0.000776
0.050006,0.170288,0.000838
0.066161,0.232048,0.000867
0.086007,0.265011,0.000852
0.104937,0.226470,0.000783
0.118269,0.163456,0.000665
0.125614,0.116208,0.000530
0.128083,0.080797,0.000403
0.125987,0.054287,0.000295
0.118916,0.034500,0.000203
0.104883,0.019898,0.000115
0.074714,0.008680,0.000037
0.000000,0.000000,0.000000
0.041499,0.053473,0.000500
0.038914,0.058630,0.000541
0.036195,0.067283,0.000591
0.034456,0.080816,0.000653
0.035424,0.101467,0.000722
0.040801,0.132089,0.000789
0.051364,0.175720,0.000841
0.067113,0.236071,0.000864
0.086779,0.266704,0.000849
0.105646,0.226447,0.000781
0.118970,0.163447,0.000667
0.126363,0.116210,0.000534
0.128940,0.080811,0.000407
0.127020,0.054312,0.000299
0.120181,0.034543,0.000206
0.106410,0.019979,0.000116
0.076322,0.008735,0.000037
0.000000,0.000000,0.000000
0.042253,0.073436,0.000573
0.040655,0.075641,0.000600
0.039095,0.079458,0.000627
0.037499,0.086398,0.000661
0.036628,0.098064,0.000704
0.037872,0.116316,0.000754
0.042915,0.144045,0.000804
0.052921,0.184938,0.000843
0.068243,0.243036,0.000860
0.087700,0.269685,0.000844
0.106487,0.226446,0.000779
0.119801,0.163453,0.000669
0.127248,0.116225,0.000539
0.129956,0.080836,0.000413
0.128251,0.054352,0.000304
0.121700,0.034606,0.000209
0.108265,0.020091,0.000118
0.078316,0.008809,0.000038
0.000000,0.000000,0.000000
0.039647,0.102334,0.000655
0.038921,0.103942,0.000675
0.038282,0.106793,0.000694
0.037765,0.112113,0.000717
0.037918,0.121643,0.000746
0.039807,0.137591,0.000780
0.044906,0.162299,0.000815
0.054567,0.199587,0.000842
0.069523,0.254421,0.000853
0.088775,0.274634,0.000838
0.107471,0.226466,0.000777
0.120769,0.163477,0.000672
0.128280,0.116257,0.000545
0.131141,0.080879,0.000420
0.129696,0.054414,0.000310
0.123491,0.034703,0.000214
0.110485,0.020260,0.000121
0.080773,0.008918,0.000038
0.000000,0.000000,0.000000
0.036705,0.138192,0.000698
0.036705,0.139398,0.000713
0.036827,0.141559,0.000727
0.037247,0.145645,0.000745
0.038394,0.153152,0.000766
0.041081,0.166439,0.000789
0.046535,0.188124,0.000813
0.056122,0.221606,0.000833
0.070865,0.272144,0.000843
0.089971,0.282471,0.000830
0.108583,0.226507,0.000774
0.121861,0.163521,0.000675
0.129446,0.116310,0.000553
0.132492,0.080949,0.000430
0.131354,0.054511,0.000318
0.125569,0.034851,0.000219
0.113098,0.020514,0.000124
0.083760,0.009082,0.000039
0.000000,0.000000,0.000000
0.033493,0.182539,0.000696
0.034108,0.183463,0.000708
0.034861,0.185125,0.000720
0.036059,0.188284,0.000735
0.038070,0.194173,0.000753
0.041557,0.204782,0.000773
0.047545,0.223123,0.000795
0.057338,0.252789,0.000815
0.072114,0.298543,0.000827
0.091210,0.294377,0.000818
0.109772,0.226571,0.000770
0.123031,0.163589,0.000680
0.130702,0.116391,0.000563
0.133965,0.081055,0.000441
0.133194,0.054661,0.000328
0.127915,0.035076,0.000226
0.116055,0.020892,0.000127
0.087204,0.009324,0.000040
0.000000,0.000000,0.000000
0.029953,0.237303,0.000660
0.230745,0.004561,0.000075
0.230874,0.004542,0.000075
0.016716,0.000182,0.000001
0.000000,0.000000,0.000000
0.230735,0.004573,0.000075
0.232457,0.006561,0.000129
0.232468,0.006575,0.000129
0.245514,0.003393,0.000114
0.245492,0.003416,0.000115
0.252569,0.000093,0.000120
0.252981,0.000000,0.000122
0.176731,0.015367,0.000046
0.177072,0.015363,0.000046
0.202778,0.016886,0.000077
0.202760,0.016915,0.000077
0.176369,0.015278,0.000045
0.129361,0.012641,0.000046
0.129182,0.012708,0.000046
0.098344,0.003415,0.000009
0.098734,0.003438,0.000009
0.005069,0.000105,0.000000
0.000000,0.000000,0.000000
0.235041,0.003788,0.000127
0.216632,0.012609,0.000133
0.234711,0.003278,0.000073
0.218105,0.013624,0.000103
0.233961,0.000000,0.000117
0.234033,0.000000,0.000074
0.218273,0.013541,0.000102
0.203055,0.016797,0.000078
0.000000,0.000000,0.000000
0.247276,0.002166,0.000018
0.127323,0.000000,0.000002
0.255129,0.000000,0.000011
0.241659,0.002923,0.000071
0.251045,0.000000,0.000055
0.223816,0.006450,0.000053
0.206184,0.009925,0.000027
0.229575,0.000000,0.000030
0.113625,0.000000,0.000004
0.141131,0.006167,0.000017
0.000000,0.000000,0.000000
0.035164,0.180955,0.000488
0.034056,0.180870,0.000464
0.027948,0.235917,0.000542
0.027445,0.235849,0.000528
0.035374,0.181090,0.000509
0.027705,0.236027,0.000550
0.035008,0.181089,0.000526
0.027065,0.236036,0.000553
0.034389,0.181082,0.000540
0.026337,0.236044,0.000554
0.032105,0.180974,0.000439
0.026184,0.235929,0.000509
0.033707,0.181113,0.000556
0.033068,0.181183,0.000573
0.032568,0.181293,0.000593
0.032277,0.181442,0.000615
0.025728,0.236084,0.000557
0.025378,0.236158,0.000564
0.025380,0.236264,0.000575
0.025766,0.236399,0.000591
0.026510,0.236561,0.000609
0.020106,0.303621,0.000582
0.019507,0.303684,0.000566
0.020159,0.303677,0.000585
0.029636,0.181027,0.000416
0.024437,0.235973,0.000485
0.041030,0.254870,0.000738
0.036810,0.246401,0.000716
0.047658,0.269854,0.000762
0.057921,0.295558,0.000787
0.073046,0.327221,0.000805
0.092343,0.302681,0.000804
0.110916,0.226659,0.000765
0.124163,0.163686,0.000685
0.131935,0.116511,0.000577
0.135445,0.081214,0.000457
0.135104,0.054885,0.000341
0.130447,0.035415,0.000235
0.119266,0.021447,0.000132
0.091040,0.009675,0.000042
0.000000,0.000000,0.000000
0.031043,0.238022,0.000671
0.032283,0.239314,0.000683
0.034089,0.241775,0.000697
0.019668,0.303767,0.000577
0.018946,0.303782,0.000564
0.018247,0.303798,0.000549
0.017791,0.303842,0.000538
0.017777,0.303914,0.000533
0.018290,0.304011,0.000537
0.019313,0.304132,0.000548
0.020736,0.304272,0.000563
0.022405,0.304426,0.000580
0.024175,0.304584,0.000596
0.025830,0.304878,0.000610
0.027253,0.305444,0.000621
0.034392,0.312034,0.000667
0.031106,0.308389,0.000647
0.039269,0.318776,0.000691
0.046601,0.330912,0.000720
0.057571,0.352341,0.000752
0.073386,0.355524,0.000778
0.093126,0.303903,0.000786
0.111766,0.226759,0.000759
0.124996,0.163799,0.000693
0.132869,0.116654,0.000594
0.136646,0.081407,0.000477
0.136794,0.055159,0.000358
0.132912,0.035825,0.000246
0.122770,0.022102,0.000138
0.095570,0.010091,0.000043
0.000000,0.000000,0.000000
0.028845,0.306458,0.000632
0.022698,0.388679,0.000562
0.024497,0.389481,0.000573
0.027053,0.391005,0.000588
0.012739,0.387208,0.000600
0.012348,0.387159,0.000625
0.012028,0.387204,0.000628
0.011486,0.387278,0.000611
0.010880,0.387295,0.000584
0.010382,0.387316,0.000554
0.010192,0.387359,0.000527
0.010551,0.387425,0.000509
0.011544,0.387512,0.000502
0.013084,0.387617,0.000504
0.014992,0.387735,0.000513
0.013240,0.490168,0.000580
0.008681,0.490129,0.000633
0.005745,0.490165,0.000656
0.003908,0.490226,0.000650
0.002687,0.490243,0.000624
0.002082,0.490264,0.000586
0.002574,0.490303,0.000546
0.003931,0.490361,0.000510
0.005711,0.490435,0.000483
0.007733,0.490523,0.000469
0.009895,0.490621,0.000465
0.023159,0.562906,0.000530
0.016785,0.562873,0.000599
0.012280,0.562897,0.000641
0.009450,0.562934,0.000651
0.007745,0.562924,0.000636
0.006829,0.562908,0.000604
0.006563,0.562899,0.000562
0.006904,0.562895,0.000517
0.007750,0.562895,0.000478
0.008959,0.562899,0.000450
0.010418,0.562905,0.000432
0.031422,0.549457,0.000489
0.025101,0.549425,0.000555
0.020443,0.549442,0.000599
0.017459,0.549464,0.000614
0.015644,0.549430,0.000606
0.014629,0.549380,0.000581
0.014172,0.549328,0.000546
0.014166,0.549272,0.000505
0.014564,0.549212,0.000468
0.015303,0.549148,0.000439
0.016300,0.549081,0.000420
0.038627,0.493467,0.000455
0.032773,0.493431,0.000513
0.028169,0.493452,0.000551
0.025034,0.493482,0.000563
0.023004,0.493450,0.000555
0.021763,0.493405,0.000534
0.021108,0.493359,0.000505
0.020960,0.493312,0.000474
0.021277,0.493263,0.000447
0.021982,0.493211,0.000430
0.022967,0.493158,0.000422
0.044886,0.442618,0.000426
0.039934,0.442578,0.000468
0.035740,0.442604,0.000493
0.032716,0.442640,0.000496
0.030682,0.442610,0.000486
0.029430,0.442567,0.000470
0.028836,0.442526,0.000453
0.028861,0.442485,0.000440
0.029424,0.442445,0.000436
0.030377,0.442403,0.000439
0.031574,0.442360,0.000448
0.050073,0.396438,0.000391
0.046328,0.396392,0.000410
0.042918,0.396423,0.000417
0.040401,0.396466,0.000415
0.038768,0.396438,0.000412
0.037922,0.396396,0.000414
0.037839,0.396357,0.000423
0.038447,0.396321,0.000439
0.039528,0.396287,0.000461
0.040882,0.396252,0.000486
0.042348,0.396217,0.000510
0.054323,0.354496,0.000334
0.052097,0.354446,0.000335
0.049989,0.354480,0.000340
0.048579,0.354531,0.000355
0.047939,0.354503,0.000379
0.048056,0.354461,0.000412
0.048917,0.354424,0.000453
0.050290,0.354391,0.000496
0.051873,0.354361,0.000537
0.053510,0.354331,0.000573
0.055092,0.354302,0.000604
0.058279,0.316405,0.000269
0.058111,0.316348,0.000284
0.058049,0.316388,0.000320
0.058412,0.316446,0.000370
0.059259,0.316418,0.000428
0.060643,0.316374,0.000489
0.062413,0.316338,0.000548
0.064251,0.316307,0.000600
0.066007,0.316279,0.000644
0.067627,0.316253,0.000680
0.069087,0.316228,0.000708
0.063607,0.281810,0.000269
0.066180,0.281746,0.000326
0.068663,0.281791,0.000401
0.070953,0.281858,0.000477
0.073219,0.281828,0.000549
0.075501,0.281783,0.000615
0.077598,0.281745,0.000672
0.079405,0.281715,0.000718
0.080964,0.281689,0.000754
0.082306,0.281666,0.000782
0.083460,0.281643,0.000803
0.072754,0.250391,0.000382
0.077971,0.250319,0.000465
0.082505,0.250370,0.000550
0.086099,0.250446,0.000625
0.089064,0.250414,0.000690
0.091440,0.250365,0.000743
0.093271,0.250326,0.000786
0.094701,0.250296,0.000818
0.095839,0.250271,0.000843
0.096759,0.250249,0.000862
0.097513,0.250228,0.000875
0.079777,0.221887,0.000488
0.086723,0.221857,0.000558
0.093376,0.221775,0.000634
0.098773,0.221833,0.000704
0.102660,0.221920,0.000761
0.105407,0.221885,0.000807
0.107273,0.221832,0.000842
0.108545,0.221790,0.000869
0.109425,0.221759,0.000889
0.110039,0.221734,0.000903
0.110474,0.221712,0.000912
0.110790,0.221693,0.000917
0.096867,0.195978,0.000668
0.104193,0.195943,0.000722
0.110894,0.195851,0.000775
0.115967,0.195917,0.000822
0.119217,0.196016,0.000858
0.121184,0.195977,0.000885
0.122303,0.195918,0.000904
0.122896,0.195873,0.000917
0.123156,0.195840,0.000925
0.123209,0.195814,0.000930
0.123141,0.195792,0.000931
0.123008,0.195774,0.000930
0.116556,0.172452,0.000805
0.123119,0.172412,0.000839
0.128784,0.172307,0.000869
0.132684,0.172382,0.000894
0.134831,0.172495,0.000911
0.135846,0.172452,0.000922
0.136148,0.172385,0.000928
0.136023,0.172335,0.000931
0.135648,0.172299,0.000930
0.135138,0.172272,0.000926
0.134570,0.172250,0.000921
0.133997,0.172232,0.000915
0.136544,0.151091,0.000888
0.141642,0.151045,0.000903
0.145703,0.150924,0.000915
0.148127,0.151010,0.000921
0.149084,0.151140,0.000924
0.149121,0.151091,0.000923
0.148597,0.151016,0.000920
0.147760,0.150960,0.000913
0.146761,0.150920,0.000905
0.145701,0.150891,0.000896
0.144650,0.150868,0.000886
0.143650,0.150849,0.000876
0.155289,0.131698,0.000920
0.158701,0.131645,0.000921
0.161066,0.131507,0.000918
0.162007,0.131605,0.000911
0.161787,0.131754,0.000904
0.160867,0.131699,0.000894
0.159536,0.131613,0.000883
0.158008,0.131550,0.000870
0.156410,0.131505,0.000857
0.154822,0.131473,0.000844
0.153306,0.131448,0.000831
0.151896,0.131429,0.000819
0.172300,0.114097,0.000909
0.174020,0.114035,0.000901
0.174703,0.113875,0.000887
0.174195,0.113989,0.000871
0.172839,0.114161,0.000855
0.170995,0.114097,0.000840
0.168893,0.113999,0.000823
0.166705,0.113926,0.000807
0.164534,0.113876,0.000791
0.162443,0.113839,0.000775
0.160480,0.113813,0.000761
0.158675,0.113792,0.000748
0.187409,0.098126,0.000866
0.187453,0.098054,0.000850
0.186498,0.097868,0.000828
0.184599,0.098000,0.000806
0.182160,0.098200,0.000786
0.179441,0.098126,0.000766
0.176604,0.098012,0.000748
0.173788,0.097928,0.000729
0.171070,0.097870,0.000712
0.168494,0.097829,0.000696
0.166102,0.097799,0.000682
0.163912,0.097777,0.000669
0.200463,0.083641,0.000797
0.198874,0.083557,0.000776
0.196341,0.083337,0.000750
0.193122,0.083493,0.000724
0.189666,0.083728,0.000702
0.186118,0.083641,0.000681
0.182585,0.083507,0.000662
0.179169,0.083409,0.000644
0.175926,0.083341,0.000628
0.172883,0.083294,0.000613
0.170074,0.083260,0.000599
0.167510,0.083235,0.000588
0.211290,0.070514,0.000709
0.208125,0.070414,0.000686
0.204089,0.070153,0.000659
0.199624,0.070337,0.000633
0.195218,0.070617,0.000611
0.190894,0.070513,0.000592
0.186705,0.070354,0.000574
0.182718,0.070238,0.000558
0.178972,0.070158,0.000543
0.175478,0.070102,0.000530
0.172264,0.070063,0.000518
0.169336,0.070035,0.000508
0.219641,0.058633,0.000612
0.214973,0.058511,0.000589
0.209523,0.058196,0.000563
0.203896,0.058418,0.000540
0.198611,0.058755,0.000520
0.193575,0.058630,0.000504
0.188776,0.058439,0.000489
0.184257,0.058299,0.000475
0.180036,0.058203,0.000463
0.176111,0.058136,0.000452
0.172508,0.058090,0.000442
0.169229,0.058057,0.000434
0.225137,0.047901,0.000512
0.219064,0.047751,0.000492
0.212320,0.047364,0.000470
0.205644,0.047636,0.000451
0.199571,0.048051,0.000435
0.193903,0.047898,0.000421
0.188565,0.047663,0.000409
0.183566,0.047491,0.000399
0.178908,0.047373,0.000389
0.174581,0.047291,0.000380
0.170609,0.047235,0.000372
0.166997,0.047196,0.000365
0.227214,0.038249,0.000417
0.219892,0.038059,0.000402
0.212042,0.037571,0.000384
0.204479,0.037914,0.000369
0.197743,0.038436,0.000356
0.191562,0.038243,0.000346
0.185784,0.037949,0.000337
0.180378,0.037732,0.000328
0.175332,0.037583,0.000320
0.170637,0.037480,0.000313
0.166318,0.037409,0.000306
0.162388,0.037360,0.000300
0.225085,0.029640,0.000329
0.216775,0.029393,0.000318
0.208097,0.028755,0.000304
0.199868,0.029200,0.000292
0.192633,0.029883,0.000282
0.186109,0.029633,0.000274
0.180030,0.029250,0.000267
0.174299,0.028967,0.000260
0.168909,0.028771,0.000253
0.163864,0.028636,0.000247
0.159209,0.028543,0.000241
0.154971,0.028479,0.000237
0.217517,0.022115,0.000245
0.208605,0.021778,0.000235
0.199471,0.020902,0.000224
0.190825,0.021506,0.000215
0.183298,0.022441,0.000208
0.176678,0.022104,0.000202
0.170469,0.021584,0.000196
0.164474,0.021196,0.000190
0.158737,0.020926,0.000185
0.153330,0.020737,0.000180
0.148332,0.020607,0.000175
0.143790,0.020519,0.000171
0.201191,0.015895,0.000149
0.192194,0.015409,0.000142
0.183039,0.014129,0.000134
0.174235,0.014985,0.000128
0.166761,0.016349,0.000124
0.160530,0.015877,0.000120
0.154418,0.015140,0.000117
0.148087,0.014575,0.000112
0.141891,0.014172,0.000109
0.136061,0.013887,0.000105
0.130721,0.013688,0.000103
0.125920,0.013550,0.000101
0.161484,0.007929,0.000052
0.153400,0.007648,0.000049
0.145235,0.006893,0.000046
0.136854,0.007394,0.000043
0.129652,0.008196,0.000042
0.124028,0.007917,0.000041
0.118227,0.007481,0.000039
0.111830,0.007142,0.000037
0.105561,0.006898,0.000036
0.099780,0.006724,0.000035
0.094612,0.006601,0.000034
0.090084,0.006517,0.000033
0.000000,0.000000,0.000000
0.000000,0.000000,0.000000
0.000000,0.000000,0.000000
0.000000,0.000000,0.000000
0.000000,0.000000,0.000000
0.000000,0.000000,0.000000
0.000000,0.000000,0.000000
0.000000,0.000000,0.000000
0.000000,0.000000,0.000000
0.000000,0.000000,0.000000
0.000000,0.000000,0.000000
0.000000,0.000000,0.000000
0.043810,0.396182,0.000532
0.056561,0.354273,0.000629
0.045204,0.396148,0.000551
0.057897,0.354245,0.000649
0.059000,0.354214,0.000663
0.046396,0.396112,0.000566
0.059942,0.354184,0.000674
0.047438,0.396077,0.000578
0.061065,0.354160,0.000686
0.048705,0.396049,0.000592
0.062647,0.354141,0.000701
0.050534,0.396026,0.000611
0.070380,0.316203,0.000730
0.071520,0.316180,0.000747
0.072441,0.316153,0.000758
0.073217,0.316126,0.000767
0.074134,0.316106,0.000775
0.075405,0.316089,0.000785
0.084451,0.281622,0.000819
0.085304,0.281602,0.000830
0.085983,0.281578,0.000837
0.086554,0.281553,0.000842
0.087230,0.281536,0.000847
0.088153,0.281521,0.000851
0.098138,0.250209,0.000884
0.098662,0.250192,0.000889
0.099071,0.250169,0.000892
0.099422,0.250147,0.000894
0.099841,0.250132,0.000894
0.100406,0.250120,0.000893
0.111026,0.221676,0.000920
0.111205,0.221660,0.000920
0.111337,0.221639,0.000920
0.111463,0.221618,0.000918
0.111624,0.221606,0.000915
0.111834,0.221596,0.000909
0.122852,0.195758,0.000927
0.122685,0.195744,0.000924
0.122543,0.195724,0.000920
0.122445,0.195704,0.000915
0.122354,0.195694,0.000910
0.122216,0.195687,0.000901
0.133456,0.172216,0.000908
0.132951,0.172204,0.000902
0.132540,0.172185,0.000895
0.132225,0.172165,0.000889
0.131887,0.172157,0.000881
0.131412,0.172153,0.000870
0.142737,0.150834,0.000867
0.141903,0.150823,0.000858
0.141230,0.150804,0.000850
0.140705,0.150785,0.000843
0.140126,0.150780,0.000834
0.139323,0.150779,0.000821
0.150623,0.131414,0.000808
0.149469,0.131404,0.000798
0.148543,0.131385,0.000789
0.147812,0.131367,0.000782
0.147000,0.131365,0.000772
0.145875,0.131368,0.000759
0.155588,0.113768,0.000726
0.157053,0.113777,0.000736
0.154414,0.113749,0.000718
0.153481,0.113731,0.000710
0.152437,0.113732,0.000701
0.150993,0.113740,0.000689
0.160182,0.097753,0.000648
0.161953,0.097761,0.000658
0.158763,0.097734,0.000641
0.157632,0.097715,0.000634
0.156356,0.097720,0.000625
0.154594,0.097733,0.000614
0.163149,0.083211,0.000569
0.165219,0.083218,0.000578
0.161490,0.083191,0.000562
0.160161,0.083173,0.000557
0.158653,0.083182,0.000549
0.156575,0.083201,0.000540
0.164359,0.070010,0.000493
0.166723,0.070016,0.000500
0.162466,0.069989,0.000487
0.160942,0.069970,0.000482
0.159205,0.069984,0.000477
0.156811,0.070011,0.000469
0.163659,0.058030,0.000421
0.166306,0.058036,0.000427
0.161541,0.058007,0.000417
0.159830,0.057987,0.000413
0.157867,0.058007,0.000408
0.155166,0.058044,0.000402
0.160864,0.047166,0.000355
0.163777,0.047171,0.000359
0.158539,0.047139,0.000351
0.156652,0.047117,0.000348
0.154470,0.047145,0.000344
0.155725,0.037325,0.000291
0.158887,0.037330,0.000295
0.153214,0.037293,0.000288
0.151165,0.037267,0.000286
0.148772,0.037305,0.000282
0.147803,0.028435,0.000229
0.151197,0.028441,0.000232
0.145133,0.028395,0.000226
0.142945,0.028362,0.000224
0.140360,0.028415,0.000222
0.136151,0.020459,0.000166
0.139751,0.020466,0.000168
0.133365,0.020404,0.000164
0.131091,0.020360,0.000162
0.128379,0.020436,0.000161
0.117968,0.013459,0.000097
0.121681,0.013469,0.000099
0.115173,0.013374,0.000096
0.113005,0.013305,0.000095
0.110422,0.013426,0.000095
0.082991,0.006468,0.000032
0.086161,0.006468,0.000032
0.080186,0.006376,0.000031
0.078137,0.006318,0.000031
0.076451,0.006426,0.000031
0.000000,0.000000,0.000000
0.000000,0.000000,0.000000
0.000000,0.000000,0.000000
0.000000,0.000000,0.000000
0.000000,0.000000,0.000000
0.151473,0.047193,0.000339
0.145501,0.037370,0.000278
0.136856,0.028504,0.000218
0.124743,0.020563,0.000159
0.106876,0.013626,0.000094
0.073714,0.006557,0.000031
0.000000,0.000000,0.000000
0.017078,0.387864,0.000526
0.012109,0.490726,0.000468
0.012029,0.562913,0.000425
0.017470,0.549012,0.000411
0.024123,0.493104,0.000422
0.032879,0.442317,0.000460
0.019190,0.387995,0.000540
0.021093,0.388231,0.000552
0.014293,0.490833,0.000475
0.016234,0.491021,0.000484
0.017877,0.491377,0.000492
0.019758,0.492014,0.000502
0.022472,0.493223,0.000517
0.013716,0.562923,0.000424
0.015289,0.562969,0.000428
0.016707,0.563093,0.000433
0.018437,0.563347,0.000442
0.021022,0.560592,0.000456
0.018740,0.548945,0.000409
0.019960,0.548878,0.000412
0.021114,0.548817,0.000417
0.022592,0.548767,0.000425
0.024867,0.545458,0.000440
0.025360,0.493052,0.000426
0.026520,0.492999,0.000433
0.027607,0.492949,0.000440
0.028996,0.492908,0.000451
0.031116,0.492877,0.000468
0.034203,0.442275,0.000473
0.035389,0.442232,0.000485
0.036462,0.442191,0.000496
0.037803,0.442158,0.000509
0.039798,0.442131,0.000528
0.063093,0.036316,0.000195
0.061360,0.035750,0.000192
0.063327,0.056080,0.000255
0.062051,0.055653,0.000253
0.061664,0.021713,0.000115
0.058969,0.020946,0.000111
0.055493,0.010092,0.000038
0.049660,0.009339,0.000035
0.000000,0.000000,0.000000
0.000000,0.000000,0.000000
0.064316,0.057439,0.000257
0.064426,0.038349,0.000199
0.063828,0.024905,0.000121
0.060674,0.013472,0.000045
0.000000,0.000000,0.000000
0.027714,0.009326,0.000018
0.000000,0.000000,0.000000
0.027559,0.009086,0.000018
0.000000,0.000000,0.000000
0.040523,0.020901,0.000062
0.040647,0.020527,0.000061
0.046482,0.035100,0.000112
0.046857,0.034882,0.000111
0.050140,0.054718,0.000161
0.050673,0.054576,0.000160
0.052811,0.081173,0.000207
0.053444,0.081072,0.000207
0.055189,0.116608,0.000250
0.055884,0.116528,0.000251
0.057816,0.163960,0.000289
0.058513,0.163888,0.000290
0.060748,0.227174,0.000316
0.061407,0.227101,0.000317
0.062671,0.263588,0.000320
0.063391,0.263571,0.000322
0.061968,0.227712,0.000320
0.062944,0.227756,0.000322
0.059381,0.164454,0.000327
0.060733,0.164498,0.000328
0.056503,0.117037,0.000318
0.058236,0.117067,0.000320
0.054071,0.081521,0.000289
0.056128,0.081521,0.000291
0.052152,0.054979,0.000246
0.054423,0.054924,0.000247
0.050262,0.035275,0.000185
0.052582,0.035123,0.000186
0.047147,0.020999,0.000105
0.049183,0.020666,0.000105
0.037054,0.009364,0.000031
0.038296,0.009140,0.000031
0.000000,0.000000,0.000000
0.000000,0.000000,0.000000
0.027363,0.008923,0.000018
0.000000,0.000000,0.000000
0.040643,0.020274,0.000060
0.047055,0.034736,0.000110
0.051000,0.054480,0.000159
0.053857,0.081000,0.000206
0.056369,0.116467,0.000250
0.059021,0.163826,0.000290
0.061897,0.227030,0.000318
0.063953,0.263566,0.000323
0.063750,0.227832,0.000323
0.061900,0.164585,0.000330
0.059786,0.117154,0.000321
0.058028,0.081592,0.000292
0.056589,0.054956,0.000248
0.054881,0.035080,0.000186
0.051365,0.020482,0.000106
0.039930,0.009007,0.000031
0.000000,0.000000,0.000000
0.027188,0.008813,0.000017
0.000000,0.000000,0.000000
0.040588,0.020105,0.000060
0.047158,0.034638,0.000110
0.051210,0.054413,0.000158
0.054140,0.080947,0.000206
0.056716,0.116416,0.000250
0.059393,0.163769,0.000290
0.062260,0.226956,0.000319
0.064385,0.263570,0.000324
0.064402,0.227939,0.000324
0.062883,0.164715,0.000330
0.061137,0.117296,0.000322
0.059743,0.081735,0.000294
0.058625,0.055080,0.000249
0.057161,0.035149,0.000188
0.053754,0.020432,0.000107
0.042169,0.008957,0.000032
0.000000,0.000000,0.000000
0.027048,0.008739,0.000017
0.000000,0.000000,0.000000
0.040525,0.019991,0.000059
0.047212,0.034571,0.000109
0.051350,0.054366,0.000157
0.054340,0.080906,0.000205
0.056966,0.116373,0.000250
0.059665,0.163715,0.000290
0.062528,0.226880,0.000319
0.064713,0.263582,0.000324
0.064918,0.228071,0.000324
0.063686,0.164881,0.000331
0.062273,0.117492,0.000323
0.061234,0.081953,0.000295
0.060470,0.055307,0.000251
0.059360,0.035356,0.000190
0.056334,0.020549,0.000108
0.045326,0.009021,0.000033
0.000000,0.000000,0.000000
0.026933,0.008683,0.000017
0.000000,0.000000,0.000000
0.040462,0.019908,0.000059
0.047238,0.034522,0.000109
0.051444,0.054329,0.000157
0.054484,0.080872,0.000204
0.057149,0.116334,0.000249
0.059865,0.163663,0.000290
0.062727,0.226802,0.000319
0.064961,0.263599,0.000325
0.065321,0.228222,0.000324
0.064327,0.165078,0.000331
0.063192,0.117735,0.000324
0.062468,0.082246,0.000296
0.026803,0.008620,0.000017
0.000000,0.000000,0.000000
0.040410,0.019830,0.000059
0.047250,0.034475,0.000108
0.051511,0.054295,0.000156
0.054589,0.080840,0.000204
0.057282,0.116296,0.000249
0.060013,0.163611,0.000290
0.062872,0.226724,0.000319
0.065144,0.263617,0.000325
0.065632,0.228378,0.000325
0.064829,0.165285,0.000331
0.063912,0.117998,0.000325
0.063440,0.082578,0.000298
0.026675,0.008581,0.000017
0.000000,0.000000,0.000000
0.040367,0.019787,0.000059
0.047252,0.034449,0.000108
0.051559,0.054273,0.000156
0.054670,0.080817,0.000204
0.057383,0.116266,0.000249
0.060123,0.163565,0.000290
0.062982,0.226653,0.000319
0.065286,0.263726,0.000326
0.065883,0.228743,0.000325
0.065240,0.165786,0.000331
0.064497,0.118683,0.000326
0.064211,0.083528,0.000300
0.026613,0.008618,0.000017
0.000000,0.000000,0.000000
0.040310,0.019826,0.000059
0.047238,0.034468,0.000108
0.026558,0.008681,0.000017
0.000000,0.000000,0.000000
0.040218,0.019902,0.000058
0.047200,0.034508,0.000107
0.051597,0.054280,0.000155
0.054743,0.080814,0.000203
0.057471,0.116252,0.000248
0.060218,0.163535,0.000290
0.063075,0.226599,0.000320
0.065411,0.264111,0.000326
0.066119,0.229741,0.000325
0.065633,0.167162,0.000331
0.065044,0.120588,0.000327
0.064882,0.086192,0.000302
0.065041,0.061206,0.000261
0.065104,0.043706,0.000204
0.064424,0.032126,0.000130
0.062065,0.022941,0.000057
0.050446,0.016331,0.000020
0.051626,0.054303,0.000155
0.054815,0.080824,0.000202
0.057557,0.116249,0.000248
0.060306,0.163519,0.000289
0.063162,0.226563,0.000320
0.065533,0.264990,0.000326
0.066366,0.231879,0.000325
0.066049,0.170088,0.000331
0.065603,0.124595,0.000328
0.065511,0.091666,0.000305
0.065611,0.068600,0.000266
0.065454,0.053089,0.000211
0.064422,0.042958,0.000144
0.061819,0.036501,0.000078
0.051939,0.032097,0.000038
0.000000,0.000000,0.000000
0.026470,0.008736,0.000017
0.040101,0.019983,0.000058
0.047138,0.034552,0.000106
0.051641,0.054329,0.000154
0.054885,0.080838,0.000201
0.057639,0.116254,0.000247
0.060385,0.163513,0.000289
0.063240,0.226545,0.000320
0.065651,0.266683,0.000327
0.066622,0.235894,0.000325
0.066483,0.175513,0.000331
0.066170,0.131864,0.000329
0.066111,0.101238,0.000308
0.066145,0.080523,0.000272
0.065898,0.066870,0.000222
0.064930,0.058219,0.000162
0.062667,0.053174,0.000105
0.055561,0.050207,0.000065
0.026357,0.008810,0.000017
0.000000,0.000000,0.000000
0.039956,0.020095,0.000057
0.047042,0.034616,0.000106
0.051628,0.054369,0.000153
0.054940,0.080864,0.000200
0.057709,0.116271,0.000246
0.060443,0.163522,0.000288
0.063293,0.226547,0.000320
0.065746,0.269664,0.000327
0.066866,0.242856,0.000325
0.066906,0.184731,0.000330
0.066703,0.143828,0.000330
0.066641,0.116030,0.000313
0.066589,0.097660,0.000280
0.066267,0.085994,0.000236
0.065374,0.079153,0.000185
0.063494,0.075433,0.000138
0.058576,0.073351,0.000098
0.002096,0.006846,0.000003
0.000000,0.000000,0.000000
0.000000,0.000000,0.000000
0.000000,0.000000,0.000000
0.002696,0.010804,0.000010
0.000000,0.000000,0.000000
0.003451,0.012404,0.000018
0.000000,0.000000,0.000000
0.005986,0.012580,0.000024
0.000000,0.000000,0.000000
0.010700,0.012778,0.000029
0.000000,0.000000,0.000000
0.017621,0.013071,0.000031
0.000000,0.000000,0.000000
0.025807,0.013392,0.000032
0.000000,0.000000,0.000000
0.033597,0.013152,0.000030
0.000000,0.000000,0.000000
0.037588,0.012774,0.000026
0.000000,0.000000,0.000000
0.035237,0.013163,0.000023
0.000000,0.000000,0.000000
0.028214,0.013409,0.000022
0.000000,0.000000,0.000000
0.019480,0.013091,0.000021
0.000000,0.000000,0.000000
0.011263,0.012801,0.000021
0.000000,0.000000,0.000000
0.005758,0.012608,0.000022
0.000000,0.000000,0.000000
0.005004,0.012442,0.000022
0.000000,0.000000,0.000000
0.006249,0.010936,0.000016
0.000000,0.000000,0.000000
0.005624,0.006664,0.000006
0.000000,0.000000,0.000000
0.000000,0.000000,0.000000
0.000000,0.000000,0.000000
0.002275,0.008528,0.000007
0.000000,0.000000,0.000000
0.003583,0.018069,0.000027
0.005211,0.025277,0.000048
0.008236,0.028081,0.000065
0.013356,0.028383,0.000077
0.020702,0.028836,0.000084
0.029559,0.029320,0.000087
0.038484,0.028887,0.000083
0.044201,0.028253,0.000074
0.043701,0.028913,0.000067
0.038088,0.029359,0.000063
0.030240,0.028881,0.000061
0.022171,0.028433,0.000060
0.014915,0.028141,0.000060
0.009725,0.025452,0.000056
0.007957,0.018369,0.000040
0.007287,0.008730,0.000014
0.000000,0.000000,0.000000
0.003349,0.008680,0.000011
0.000000,0.000000,0.000000
0.005165,0.019904,0.000038
0.006869,0.032861,0.000069
0.009670,0.043409,0.000094
0.014438,0.047233,0.000113
0.021438,0.047494,0.000126
0.030016,0.047775,0.000132
0.038840,0.047519,0.000129
0.044874,0.047152,0.000118
0.045204,0.047552,0.000108
0.040669,0.047823,0.000102
0.033826,0.047547,0.000100
0.026513,0.047292,0.000097
0.019485,0.043592,0.000093
0.013225,0.033216,0.000082
0.008899,0.020198,0.000056
0.007135,0.008794,0.000019
0.000000,0.000000,0.000000
0.000000,0.000000,0.000000
0.004194,0.008804,0.000013
0.006124,0.020087,0.000046
0.007635,0.034610,0.000083
0.010084,0.052387,0.000114
0.014418,0.066326,0.000138
0.021040,0.071014,0.000154
0.029327,0.071187,0.000164
0.038011,0.071013,0.000163
0.044182,0.070774,0.000153
0.044892,0.071048,0.000141
0.040840,0.071239,0.000136
0.034453,0.071071,0.000134
0.027455,0.066511,0.000129
0.020576,0.052770,0.000119
0.014127,0.034971,0.000101
0.008744,0.020276,0.000065
0.006087,0.008873,0.000022
0.000000,0.000000,0.000000
0.000000,0.000000,0.000000
0.004059,0.008930,0.000016
0.005931,0.020286,0.000053
0.007297,0.034737,0.000094
0.009547,0.054479,0.000128
0.013686,0.077961,0.000155
0.020146,0.095190,0.000175
0.028321,0.100322,0.000187
0.037045,0.100189,0.000188
0.043392,0.100022,0.000179
0.044251,0.100226,0.000169
0.040284,0.100374,0.000165
0.033969,0.095374,0.000163
0.027049,0.078360,0.000155
0.020329,0.054884,0.000139
0.014222,0.034991,0.000115
0.009215,0.020414,0.000073
0.006281,0.008976,0.000023
0.000000,0.000000,0.000000
0.000000,0.000000,0.000000
0.002767,0.009096,0.000018
0.004507,0.020546,0.000059
0.006009,0.034895,0.000103
0.008525,0.054585,0.000141
0.012973,0.081080,0.000170
0.019626,0.111444,0.000191
0.027903,0.131515,0.000204
0.036761,0.136264,0.000207
0.043180,0.136141,0.000200
0.043961,0.136299,0.000191
0.039853,0.131693,0.000189
0.033479,0.111849,0.000186
0.026681,0.081514,0.000175
0.020376,0.054887,0.000156
0.015094,0.035080,0.000127
0.011070,0.020637,0.000078
0.007798,0.009128,0.000025
0.000000,0.000000,0.000000
0.000000,0.000000,0.000000
0.002432,0.009335,0.000019
0.004101,0.020920,0.000063
0.005901,0.035116,0.000111
0.008856,0.054730,0.000151
0.013689,0.081183,0.000182
0.020526,0.116617,0.000204
0.028802,0.155292,0.000218
0.037618,0.177190,0.000223
0.043858,0.180696,0.000216
0.044319,0.177346,0.000208
0.039958,0.155689,0.000209
0.033571,0.117064,0.000206
0.027054,0.081520,0.000192
0.021365,0.054962,0.000170
0.016956,0.035257,0.000136
0.013529,0.020988,0.000083
0.009548,0.009359,0.000026
0.000000,0.000000,0.000000
0.000000,0.000000,0.000000
0.006666,0.009684,0.000020
0.008828,0.021468,0.000066
0.010233,0.035442,0.000115
0.012588,0.054941,0.000157
0.016830,0.081329,0.000190
0.023226,0.116725,0.000214
0.031113,0.164052,0.000231
0.039568,0.212736,0.000237
0.045349,0.234478,0.000231
0.045312,0.213103,0.000224
0.040686,0.164496,0.000225
0.034394,0.117084,0.000222
0.028261,0.081599,0.000207
0.023163,0.055126,0.000182
0.019328,0.035552,0.000145
0.015964,0.021521,0.000087
0.011101,0.009702,0.000027
0.000000,0.000000,0.000000
0.000000,0.000000,0.000000
0.012496,0.010166,0.000020
0.015893,0.022234,0.000066
0.017064,0.035906,0.000116
0.018817,0.055241,0.000160
0.022000,0.081535,0.000196
0.027306,0.116873,0.000223
0.034417,0.164165,0.000243
0.042207,0.227343,0.000252
0.047345,0.263686,0.000246
0.046789,0.227763,0.000239
0.041992,0.164533,0.000242
0.035900,0.117171,0.000237
0.030186,0.081758,0.000221
0.025561,0.055393,0.000193
0.022015,0.035997,0.000152
0.018390,0.022277,0.000091
0.012550,0.010180,0.000028
0.000000,0.000000,0.000000
0.000000,0.000000,0.000000
0.018489,0.010582,0.000020
0.023317,0.022897,0.000065
0.024423,0.036315,0.000116
0.025815,0.055506,0.000162
0.028168,0.081716,0.000200
0.032310,0.117003,0.000231
0.038361,0.164264,0.000254
0.045233,0.227425,0.000267
0.049621,0.263732,0.000262
0.048633,0.227786,0.000256
0.043815,0.164581,0.000259
0.038023,0.117260,0.000253
0.032754,0.081908,0.000234
0.028528,0.055637,0.000205
0.025128,0.036392,0.000160
0.021147,0.022933,0.000095
0.014317,0.010595,0.000029
0.000000,0.000000,0.000000
0.000000,0.000000,0.000000
0.022949,0.009968,0.000019
0.029387,0.021894,0.000063
0.031106,0.035713,0.000115
0.032582,0.055122,0.000162
0.034604,0.081459,0.000203
0.037907,0.116827,0.000237
0.042817,0.164143,0.000265
0.048587,0.227344,0.000281
0.052162,0.263651,0.000278
0.050870,0.227671,0.000274
0.046198,0.164430,0.000277
0.040816,0.117061,0.000270
0.036043,0.081634,0.000249
0.032228,0.055240,0.000216
0.029034,0.035783,0.000167
0.024983,0.021928,0.000098
0.017384,0.009979,0.000030
0.000000,0.000000,0.000000
0.000000,0.000000,0.000000
0.024604,0.009211,0.000018
0.033289,0.020667,0.000061
0.036540,0.034969,0.000113
0.038582,0.054644,0.000161
0.040591,0.081137,0.000204
0.043339,0.116604,0.000242
0.047291,0.163986,0.000274
0.051990,0.227234,0.000293
0.054826,0.263553,0.000293
0.053381,0.227547,0.000290
0.048989,0.164263,0.000294
0.044077,0.116831,0.000286
0.039811,0.081308,0.000263
0.036458,0.054761,0.000227
0.033708,0.035039,0.000173
0.030535,0.020701,0.000100
0.023557,0.009223,0.000030
0.000000,0.000000,0.000000
0.000000,0.000000,0.000000
0.025199,0.009965,0.000018
0.035823,0.021888,0.000062
0.040393,0.035706,0.000113
0.043048,0.055114,0.000161
0.045203,0.081452,0.000205
0.047660,0.116821,0.000245
0.050974,0.164140,0.000279
0.054892,0.227344,0.000302
0.057217,0.263647,0.000303
0.055764,0.227662,0.000302
0.051706,0.164423,0.000306
0.047245,0.117056,0.000298
0.043435,0.081630,0.000273
0.040524,0.055238,0.000234
0.038264,0.035781,0.000178
0.036105,0.021926,0.000102
0.029740,0.009979,0.000031
0.000000,0.000000,0.000000
0.000000,0.000000,0.000000
0.026506,0.010578,0.000019
0.038014,0.022887,0.000063
0.043055,0.036304,0.000113
0.046051,0.055495,0.000162
0.048342,0.081706,0.000207
0.050680,0.116996,0.000248
0.053634,0.164260,0.000283
0.057077,0.227427,0.000308
0.059121,0.263726,0.000310
0.057773,0.227769,0.000309
0.054072,0.164567,0.000315
0.050039,0.117251,0.000306
0.046634,0.081903,0.000280
0.044074,0.055634,0.000239
0.042092,0.036391,0.000181
0.040119,0.022931,0.000104
0.033049,0.010594,0.000031
0.000000,0.000000,0.000000
0.000000,0.000000,0.000000
0.027377,0.010160,0.000019
0.039412,0.022221,0.000063
0.044764,0.035893,0.000113
0.048011,0.055229,0.000162
0.050438,0.081524,0.000207
0.052752,0.116866,0.000249
0.055515,0.164162,0.000286
0.058682,0.227348,0.000312
0.060601,0.263676,0.000315
0.059429,0.227733,0.000315
0.056097,0.164510,0.000320
0.052463,0.117158,0.000311
0.049411,0.081753,0.000284
0.047107,0.055393,0.000242
0.045216,0.035998,0.000183
0.042959,0.022277,0.000104
0.034925,0.010180,0.000031
0.000000,0.000000,0.000000
0.000000,0.000000,0.000000
0.027720,0.009677,0.000019
0.040168,0.021453,0.000062
0.045832,0.035427,0.000113
0.049298,0.054928,0.000161
0.051852,0.081319,0.000208
0.054186,0.116717,0.000250
0.056853,0.164049,0.000288
0.059865,0.227254,0.000314
0.061756,0.263622,0.000318
0.060805,0.227703,0.000318
0.057843,0.164457,0.000324
0.054587,0.117066,0.000315
0.051849,0.081596,0.000287
0.049741,0.055131,0.000245
0.047850,0.035559,0.000184
0.045134,0.021525,0.000105
0.036021,0.009704,0.000031
0.000000,0.000000,0.000000
0.234929,0.058051,0.000690
0.217505,0.070029,0.000779
0.235496,0.058031,0.000695
0.217196,0.070012,0.000782
0.217676,0.070053,0.000774
0.234103,0.058078,0.000684
0.217636,0.070085,0.000769
0.232950,0.058116,0.000677
0.217303,0.070129,0.000762
0.231390,0.058169,0.000668
0.216590,0.070191,0.000754
0.229346,0.058243,0.000658
0.215407,0.070277,0.000742
0.226747,0.058348,0.000645
0.249371,0.047189,0.000586
0.250840,0.047165,0.000592
0.247532,0.047222,0.000580
0.245251,0.047268,0.000572
0.242462,0.047333,0.000563
0.239100,0.047424,0.000553
0.235112,0.047551,0.000542
0.260087,0.037352,0.000476
0.262472,0.037322,0.000482
0.257222,0.037393,0.000470
0.253815,0.037451,0.000464
0.249812,0.037533,0.000456
0.245164,0.037647,0.000449
0.239845,0.037809,0.000440
0.265832,0.028469,0.000368
0.269138,0.028430,0.000373
0.261955,0.028523,0.000364
0.257458,0.028599,0.000360
0.252304,0.028706,0.000355
0.246471,0.028856,0.000351
0.239963,0.029068,0.000345
0.264474,0.020504,0.000268
0.268643,0.020451,0.000270
0.259683,0.020580,0.000266
0.254236,0.020687,0.000264
0.248118,0.020836,0.000262
0.241339,0.021045,0.000259
0.233935,0.021336,0.000256
0.251377,0.013528,0.000164
0.256210,0.013446,0.000166
0.245928,0.013646,0.000163
0.239845,0.013809,0.000162
0.233139,0.014037,0.000160
0.225852,0.014350,0.000159
0.218063,0.014780,0.000157
0.209964,0.006504,0.000062
0.215224,0.006453,0.000063
0.204163,0.006576,0.000061
0.197851,0.006677,0.000059
0.191111,0.006816,0.000058
0.184064,0.007007,0.000057
0.176837,0.007267,0.000055
0.000000,0.000000,0.000000
0.000000,0.000000,0.000000
0.000000,0.000000,0.000000
0.000000,0.000000,0.000000
0.000000,0.000000,0.000000
0.000000,0.000000,0.000000
0.000000,0.000000,0.000000
0.067097,0.221805,0.000376
0.061889,0.221772,0.000331
0.000000,0.000000,0.000000
0.025846,0.008652,0.000013
0.036837,0.019848,0.000049
0.041892,0.034494,0.000093
0.044505,0.054320,0.000132
0.045180,0.080875,0.000174
0.043729,0.116344,0.000216
0.040229,0.163675,0.000247
0.035379,0.206068,0.000243
0.031562,0.221429,0.000209
0.031399,0.221546,0.000177
0.033603,0.221634,0.000163
0.036065,0.221609,0.000160
0.038192,0.221586,0.000162
0.039927,0.221581,0.000166
0.041297,0.221587,0.000170
0.042358,0.221597,0.000173
0.043156,0.221609,0.000177
0.043894,0.221628,0.000181
0.044790,0.221647,0.000187
0.045923,0.221661,0.000195
0.047345,0.221676,0.000205
0.049102,0.221692,0.000219
0.051305,0.221708,0.000238
0.054082,0.221726,0.000263
0.057570,0.221747,0.000293
0.000000,0.000000,0.000000
0.029695,0.008644,0.000014
0.040683,0.019837,0.000051
0.045130,0.034489,0.000096
0.046922,0.054319,0.000135
0.046557,0.080876,0.000170
0.043896,0.116347,0.000196
0.039124,0.161821,0.000199
0.032956,0.191257,0.000168
0.028381,0.195521,0.000138
0.029444,0.195651,0.000146
0.033880,0.195747,0.000173
0.038282,0.195714,0.000202
0.041886,0.195684,0.000227
0.044726,0.195675,0.000247
0.046921,0.195678,0.000263
0.048602,0.195685,0.000276
0.049863,0.195695,0.000286
0.051040,0.195713,0.000297
0.052486,0.195731,0.000311
0.054308,0.195743,0.000328
0.056547,0.195757,0.000349
0.059240,0.195772,0.000374
0.062493,0.195787,0.000404
0.066406,0.195805,0.000438
0.071060,0.195826,0.000477
0.076508,0.195853,0.000521
0.082728,0.195888,0.000567
0.000000,0.000000,0.000000
0.034593,0.008638,0.000015
0.045439,0.019829,0.000053
0.049084,0.034488,0.000097
0.049841,0.054321,0.000129
0.048245,0.080881,0.000146
0.044246,0.116354,0.000144
0.038057,0.154374,0.000125
0.030226,0.172042,0.000115
0.026582,0.171992,0.000158
0.033011,0.172135,0.000236
0.041942,0.172240,0.000305
0.049144,0.172198,0.000358
0.054522,0.172160,0.000396
0.058533,0.172145,0.000425
0.061529,0.172145,0.000446
0.063776,0.172150,0.000462
0.065448,0.172157,0.000474
0.067005,0.172174,0.000486
0.068923,0.172191,0.000502
0.071311,0.172202,0.000521
0.074172,0.172214,0.000543
0.077518,0.172228,0.000568
0.081422,0.172244,0.000597
0.085934,0.172262,0.000628
0.091074,0.172284,0.000662
0.096825,0.172312,0.000698
0.103108,0.172351,0.000734
0.000000,0.000000,0.000000
0.040729,0.008634,0.000016
0.051206,0.019826,0.000053
0.053785,0.034492,0.000088
0.053269,0.054329,0.000101
0.050246,0.080891,0.000096
0.044660,0.116364,0.000082
0.036241,0.143709,0.000086
0.026975,0.150687,0.000156
0.031973,0.150625,0.000288
0.047484,0.150784,0.000409
0.060363,0.150898,0.000490
0.069427,0.150845,0.000544
0.075812,0.150797,0.000582
0.080417,0.150776,0.000608
0.083788,0.150771,0.000627
0.086286,0.150773,0.000641
0.088133,0.150777,0.000652
0.089852,0.150793,0.000663
0.091967,0.150810,0.000676
0.094572,0.150820,0.000692
0.097643,0.150832,0.000710
0.101157,0.150845,0.000729
0.105147,0.150861,0.000751
0.109609,0.150879,0.000774
0.114510,0.150903,0.000799
0.119786,0.150934,0.000823
0.125332,0.150977,0.000847
0.000000,0.000000,0.000000
0.048334,0.008634,0.000016
0.058133,0.019828,0.000046
0.059341,0.034502,0.000063
0.057252,0.054343,0.000060
0.052350,0.080907,0.000054
0.044003,0.112721,0.000069
0.031516,0.130372,0.000146
0.029708,0.131301,0.000300
0.051020,0.131224,0.000467
0.072223,0.131400,0.000585
0.086654,0.131526,0.000654
0.096147,0.131459,0.000697
0.102593,0.131398,0.000726
0.107135,0.131370,0.000746
0.110408,0.131360,0.000760
0.112815,0.131358,0.000771
0.114585,0.131360,0.000779
0.116229,0.131374,0.000786
0.118243,0.131390,0.000796
0.120700,0.131399,0.000807
0.123559,0.131411,0.000819
0.126774,0.131424,0.000833
0.130344,0.131440,0.000847
0.134230,0.131460,0.000862
0.138367,0.131486,0.000877
0.142672,0.131521,0.000891
0.147029,0.131569,0.000903
0.000000,0.000000,0.000000
0.057856,0.008639,0.000014
0.066514,0.019838,0.000033
0.065848,0.034522,0.000038
0.061355,0.054366,0.000041
0.052763,0.080929,0.000067
0.038398,0.104892,0.000148
0.028739,0.113745,0.000302
0.050765,0.113706,0.000485
0.081064,0.113611,0.000631
0.103313,0.113808,0.000718
0.116988,0.113946,0.000766
0.125631,0.113863,0.000795
0.131355,0.113786,0.000814
0.135318,0.113748,0.000827
0.138144,0.113732,0.000836
0.140207,0.113726,0.000843
0.141720,0.113724,0.000848
0.143122,0.113738,0.000853
0.144830,0.113754,0.000859
0.146892,0.113762,0.000865
0.149262,0.113773,0.000872
0.151882,0.113787,0.000880
0.154734,0.113804,0.000888
0.157767,0.113826,0.000896
0.160907,0.113855,0.000903
0.164059,0.113894,0.000909
0.167106,0.113949,0.000912
0.000000,0.000000,0.000000
0.070104,0.008648,0.000011
0.076520,0.019852,0.000024
0.072518,0.034550,0.000038
0.062864,0.054396,0.000074
0.046122,0.079385,0.000164
0.031262,0.095355,0.000320
0.050516,0.097796,0.000500
0.086300,0.097742,0.000650
0.117148,0.097623,0.000748
0.136859,0.097845,0.000798
0.148223,0.097998,0.000823
0.155223,0.097894,0.000839
0.159782,0.097799,0.000849
0.162905,0.097749,0.000856
0.165118,0.097726,0.000861
0.166728,0.097715,0.000864
0.167905,0.097709,0.000866
0.168996,0.097723,0.000869
0.170318,0.097738,0.000872
0.171896,0.097745,0.000875
0.173681,0.097757,0.000878
0.175608,0.097771,0.000881
0.177641,0.097790,0.000884
0.179719,0.097814,0.000886
0.181761,0.097847,0.000887
0.183671,0.097892,0.000886
0.185337,0.097955,0.000883
0.000000,0.000000,0.000000
0.086261,0.008658,0.000015
0.087045,0.019859,0.000039
0.075480,0.034578,0.000087
0.054715,0.054425,0.000190
0.036233,0.074387,0.000352
0.055771,0.083109,0.000531
0.093830,0.083338,0.000675
0.129304,0.083265,0.000766
0.155201,0.083115,0.000809
0.170420,0.083367,0.000826
0.178913,0.083539,0.000833
0.183980,0.083409,0.000838
0.187189,0.083291,0.000841
0.189337,0.083227,0.000842
0.190837,0.083195,0.000844
0.191919,0.083177,0.000844
0.192706,0.083167,0.000845
0.193437,0.083180,0.000845
0.194315,0.083196,0.000845
0.195336,0.083202,0.000845
0.196454,0.083214,0.000845
0.197601,0.083230,0.000845
0.198732,0.083250,0.000843
0.199778,0.083278,0.000841
0.200653,0.083316,0.000838
0.201265,0.083368,0.000832
0.201510,0.083441,0.000824
0.000000,0.000000,0.000000
0.106386,0.008666,0.000045
0.092554,0.019840,0.000102
0.064553,0.034593,0.000223
0.044529,0.053828,0.000398
0.068779,0.067210,0.000577
0.110297,0.069985,0.000715
0.146809,0.070244,0.000795
0.174658,0.070144,0.000823
0.192982,0.069956,0.000821
0.203082,0.070246,0.000811
0.208352,0.070440,0.000804
0.211278,0.070278,0.000800
0.213001,0.070131,0.000797
0.214083,0.070048,0.000794
0.214801,0.070006,0.000793
0.215305,0.069980,0.000791
0.215667,0.069965,0.000790
0.216001,0.069977,0.000789
0.216391,0.069994,0.000787
0.216805,0.069999,0.000785
0.000000,0.000000,0.000000
0.127143,0.008677,0.000190
0.088636,0.017688,0.000252
0.058409,0.034588,0.000452
0.096126,0.050380,0.000637
0.140655,0.057812,0.000767
0.176785,0.058106,0.000836
0.202310,0.058402,0.000851
0.219388,0.058268,0.000828
0.229357,0.058028,0.000791
0.233955,0.058365,0.000761
0.235802,0.058590,0.000743
0.236470,0.058386,0.000732
0.236634,0.058201,0.000724
0.236596,0.058096,0.000719
0.236495,0.058039,0.000715
0.236392,0.058004,0.000712
0.236307,0.057983,0.000709
0.236224,0.057994,0.000707
0.236097,0.058012,0.000704
0.235870,0.058017,0.000700
0.088158,0.018100,0.000444
0.149126,0.034747,0.000700
0.195618,0.044581,0.000828
0.225951,0.047033,0.000885
0.244897,0.047376,0.000884
0.256060,0.047720,0.000846
0.261681,0.047537,0.000786
0.263078,0.047228,0.000725
0.262104,0.047629,0.000681
0.260483,0.047893,0.000656
0.258861,0.047635,0.000640
0.257442,0.047400,0.000629
0.256266,0.047265,0.000622
0.255330,0.047190,0.000617
0.254608,0.047143,0.000613
0.254071,0.047113,0.000610
0.253558,0.047125,0.000606
0.252895,0.047145,0.000602
0.252004,0.047149,0.000598
0.248349,0.019129,0.000720
0.292543,0.032403,0.000906
0.304423,0.036987,0.000945
0.307743,0.037312,0.000921
0.307554,0.037717,0.000862
0.304721,0.038127,0.000787
0.299500,0.037876,0.000705
0.292781,0.037468,0.000630
0.286458,0.037957,0.000580
0.281459,0.038280,0.000550
0.277582,0.037946,0.000532
0.274592,0.037644,0.000520
0.272280,0.037467,0.000512
0.270506,0.037367,0.000506
0.269162,0.037304,0.000502
0.268171,0.037263,0.000499
0.267226,0.037276,0.000496
0.266017,0.037300,0.000492
0.264448,0.037304,0.000487
0.417575,0.017095,0.001262
0.399617,0.026772,0.001103
0.385907,0.028201,0.000983
0.371614,0.028592,0.000872
0.358247,0.029087,0.000772
0.344845,0.029591,0.000682
0.330708,0.029239,0.000594
0.316877,0.028687,0.000517
0.305624,0.029307,0.000466
0.297399,0.029717,0.000436
0.291327,0.029276,0.000418
0.286795,0.028874,0.000406
0.283365,0.028637,0.000399
0.280761,0.028502,0.000393
0.278799,0.028415,0.000390
0.277362,0.028359,0.000387
0.275981,0.028373,0.000384
0.274207,0.028403,0.000380
0.271937,0.028407,0.000377
0.446776,0.019926,0.001112
0.430614,0.020378,0.000870
0.412434,0.020867,0.000721
0.393455,0.021504,0.000625
0.373619,0.022155,0.000546
0.352943,0.021644,0.000468
0.333230,0.020869,0.000397
0.317444,0.021697,0.000349
0.306074,0.022248,0.000321
0.297831,0.021643,0.000305
0.291780,0.021088,0.000295
0.287252,0.020754,0.000289
0.283836,0.020562,0.000284
0.281280,0.020437,0.000281
0.279421,0.020355,0.000279
0.277602,0.020374,0.000277
0.275232,0.020415,0.000275
0.272245,0.020419,0.000272
0.468093,0.013000,0.000756
0.452765,0.013603,0.000573
0.433813,0.014268,0.000485
0.411842,0.015152,0.000449
0.388018,0.016042,0.000402
0.362839,0.015272,0.000340
0.338215,0.014139,0.000278
0.317775,0.015307,0.000235
0.302966,0.016099,0.000210
0.292422,0.015239,0.000195
0.284833,0.014427,0.000186
0.279249,0.013923,0.000181
0.275078,0.013626,0.000177
0.271951,0.013429,0.000174
0.269623,0.013299,0.000172
0.267226,0.013327,0.000171
0.264138,0.013390,0.000169
0.260469,0.013396,0.000167
0.464307,0.006215,0.000291
0.481989,0.005570,0.000416
0.448311,0.006582,0.000231
0.429597,0.006977,0.000266
0.407398,0.007499,0.000309
0.381648,0.008025,0.000266
0.353621,0.007579,0.000211
0.324272,0.006917,0.000159
0.297302,0.007593,0.000122
0.276651,0.008047,0.000100
0.261976,0.007535,0.000088
0.251626,0.007048,0.000080
0.244210,0.006741,0.000076
0.238789,0.006557,0.000073
0.234628,0.006429,0.000070
0.230825,0.006319,0.000068
0.227377,0.006350,0.000067
0.224007,0.006424,0.000066
0.219925,0.006423,0.000065
0.000000,0.000000,0.000003
0.000000,0.000000,0.000003
0.000000,0.000000,0.000001
0.000000,0.000000,0.000000
0.000000,0.000000,0.000000
0.000000,0.000000,0.000000
0.000000,0.000000,0.000000
0.000000,0.000000,0.000000
0.000000,0.000000,0.000000
0.000000,0.000000,0.000000
0.000000,0.000000,0.000000
0.000000,0.000000,0.000000
0.000000,0.000000,0.000000
0.000000,0.000000,0.000000
0.000000,0.000000,0.000000
0.000000,0.000000,0.000000
0.000000,0.000000,0.000000
0.000000,0.000000,0.000000
0.000000,0.000000,0.000000
0.201288,0.083542,0.000813
0.213676,0.070396,0.000728
0.223536,0.058491,0.000630
0.230470,0.047727,0.000528
0.233863,0.038030,0.000429
0.232825,0.029356,0.000338
0.225981,0.021730,0.000251
0.209847,0.015349,0.000154
0.169381,0.007606,0.000054
0.000000,0.000000,0.000000
0.073130,0.221846,0.000428
0.089598,0.195933,0.000616
0.109771,0.172402,0.000770
0.130998,0.151034,0.000869
0.151305,0.131634,0.000913
0.169916,0.114023,0.000913
0.186637,0.098041,0.000877
0.030751,0.393888,0.000609
0.036188,0.399254,0.000636
0.044246,0.409027,0.000671
0.056096,0.411083,0.000710
0.072884,0.375980,0.000746
0.093231,0.303950,0.000764
0.111899,0.226787,0.000752
0.125034,0.163813,0.000703
0.132962,0.116658,0.000617
0.136986,0.081402,0.000504
0.137649,0.055142,0.000381
0.134658,0.035787,0.000262
0.125954,0.022017,0.000145
0.100616,0.010065,0.000044
0.000000,0.000000,0.000000
0.026454,0.492733,0.000539
0.032360,0.485411,0.000571
0.041130,0.472062,0.000613
0.053939,0.440949,0.000662
0.071776,0.381128,0.000709
0.092600,0.303930,0.000739
0.111009,0.226729,0.000745
0.123847,0.163711,0.000718
0.131725,0.116498,0.000647
0.135927,0.081162,0.000540
0.137078,0.054778,0.000414
0.134993,0.035209,0.000285
0.127806,0.021020,0.000156
0.105025,0.009495,0.000048
0.000000,0.000000,0.000000
0.024941,0.549860,0.000479
0.030909,0.526885,0.000515
0.039904,0.491476,0.000564
0.053035,0.444235,0.000622
0.071033,0.381208,0.000679
0.091290,0.304001,0.000722
0.108524,0.226798,0.000747
0.120387,0.163789,0.000740
0.127710,0.116595,0.000687
0.131706,0.081293,0.000589
0.133071,0.054968,0.000460
0.131700,0.035499,0.000318
0.125800,0.021487,0.000175
0.104755,0.009769,0.000055
0.000000,0.000000,0.000000
0.028426,0.536479,0.000464
0.033988,0.521287,0.000502
0.042507,0.491541,0.000553
0.054985,0.444286,0.000614
0.071913,0.381243,0.000673
0.090457,0.304023,0.000723
0.105706,0.226808,0.000756
0.115942,0.163788,0.000761
0.122143,0.116584,0.000720
0.125451,0.081269,0.000630
0.126583,0.054926,0.000500
0.125489,0.035430,0.000348
0.120455,0.021370,0.000191
0.101272,0.009644,0.000060
0.000000,0.000000,0.000000
0.034412,0.492854,0.000494
0.039535,0.490930,0.000532
0.047349,0.478893,0.000581
0.058748,0.443013,0.000637
0.074065,0.381210,0.000691
0.090456,0.303963,0.000736
0.103455,0.226713,0.000768
0.111841,0.163645,0.000773
0.116674,0.116374,0.000737
0.119041,0.080962,0.000653
0.119632,0.054464,0.000525
0.118467,0.034700,0.000367
0.113996,0.020140,0.000201
0.097250,0.008856,0.000063
0.000000,0.000000,0.000000
0.042824,0.442111,0.000554
0.047424,0.442101,0.000589
0.054325,0.442106,0.000631
0.064285,0.429693,0.000677
0.077492,0.381225,0.000720
0.091196,0.303969,0.000755
0.101468,0.226711,0.000779
0.107580,0.163634,0.000781
0.110680,0.116355,0.000746
0.111798,0.080931,0.000666
0.111592,0.054417,0.000542
0.110118,0.034632,0.000384
0.105992,0.020042,0.000211
0.091125,0.008777,0.000067
0.000000,0.000000,0.000000
0.053229,0.396009,0.000634
0.057212,0.396001,0.000662
0.063053,0.396007,0.000694
0.071343,0.395846,0.000726
0.082108,0.370428,0.000753
0.092739,0.303967,0.000774
0.099909,0.226702,0.000786
0.103377,0.163619,0.000780
0.104383,0.116332,0.000744
0.103930,0.080900,0.000669
0.102648,0.054377,0.000551
0.100615,0.034582,0.000396
0.096589,0.019981,0.000220
0.083472,0.008736,0.000070
0.000000,0.000000,0.000000
0.064924,0.354126,0.000719
0.068205,0.354119,0.000739
0.072907,0.354127,0.000758
0.079432,0.354139,0.000774
0.087610,0.346883,0.000783
0.094976,0.301185,0.000787
0.098828,0.226690,0.000785
0.099399,0.163602,0.000770
0.098022,0.116311,0.000732
0.095706,0.080874,0.000662
0.093078,0.054345,0.000552
0.090245,0.034545,0.000402
0.086079,0.019936,0.000227
0.074456,0.008709,0.000073
0.000000,0.000000,0.000000
0.077198,0.316076,0.000796
0.079728,0.316072,0.000806
0.083265,0.316083,0.000812
0.088023,0.316097,0.000812
0.093607,0.316029,0.000804
0.097680,0.289345,0.000791
0.098166,0.226675,0.000775
0.095739,0.163586,0.000751
0.091808,0.116292,0.000712
0.087408,0.080852,0.000647
0.083206,0.054322,0.000545
0.079359,0.034518,0.000404
0.074834,0.019902,0.000231
0.064333,0.008688,0.000075
0.000000,0.000000,0.000000
0.089433,0.281511,0.000855
0.091199,0.281509,0.000855
0.093586,0.281524,0.000850
0.096624,0.281541,0.000835
0.099683,0.281466,0.000812
0.100548,0.272051,0.000783
0.097759,0.226659,0.000754
0.092392,0.163569,0.000725
0.085887,0.116275,0.000686
0.079293,0.080835,0.000626
0.073344,0.054304,0.000533
0.068301,0.034498,0.000400
0.063226,0.019876,0.000232
0.053495,0.008672,0.000077
0.000000,0.000000,0.000000
0.101169,0.250112,0.000890
0.102180,0.250114,0.000882
0.103451,0.250133,0.000866
0.104833,0.250155,0.000841
0.105464,0.250073,0.000804
0.103253,0.249414,0.000762
0.097365,0.219714,0.000724
0.089248,0.163553,0.000692
0.080312,0.116260,0.000657
0.071563,0.080821,0.000603
0.063790,0.054289,0.000518
0.057404,0.034483,0.000393
0.051615,0.019854,0.000231
0.042566,0.008659,0.000077
0.000000,0.000000,0.000000
0.112086,0.221590,0.000901
0.112362,0.221596,0.000886
0.112555,0.221621,0.000862
0.112342,0.221650,0.000828
0.110635,0.221560,0.000782
0.105489,0.221431,0.000731
0.096714,0.205984,0.000688
0.086121,0.163536,0.000656
0.075041,0.116245,0.000625
0.064347,0.080808,0.000577
0.054813,0.054277,0.000500
0.047003,0.034470,0.000384
0.040375,0.019837,0.000228
0.032245,0.008648,0.000076
0.000000,0.000000,0.000000
0.121973,0.195684,0.000887
0.121536,0.195694,0.000868
0.120684,0.195727,0.000839
0.118925,0.195763,0.000799
0.114951,0.195665,0.000747
0.106994,0.195524,0.000692
0.095541,0.191206,0.000647
0.082781,0.161704,0.000617
0.069941,0.116230,0.000591
0.057684,0.080795,0.000551
0.046652,0.054266,0.000481
0.037483,0.034459,0.000372
0.029964,0.019822,0.000222
0.023009,0.008639,0.000075
0.000000,0.000000,0.000000
0.130685,0.172155,0.000854
0.129554,0.172170,0.000831
0.127684,0.172211,0.000799
0.124411,0.172256,0.000756
0.118223,0.172150,0.000703
0.107560,0.171995,0.000646
0.093623,0.172030,0.000602
0.078998,0.154283,0.000576
0.064821,0.116213,0.000556
0.051510,0.080782,0.000524
0.039475,0.054256,0.000462
0.029286,0.034449,0.000359
0.020998,0.019810,0.000215
0.015118,0.008631,0.000073
0.000000,0.000000,0.000000
0.138125,0.150785,0.000804
0.136313,0.150807,0.000779
0.133441,0.150859,0.000747
0.128676,0.150915,0.000705
0.120315,0.150799,0.000652
0.107038,0.150628,0.000597
0.090792,0.150675,0.000556
0.074579,0.143601,0.000534
0.059466,0.116193,0.000521
0.045636,0.080767,0.000496
0.033244,0.054244,0.000441
0.022712,0.034440,0.000344
0.014243,0.019799,0.000207
0.009493,0.008625,0.000069
0.000000,0.000000,0.000000
0.144212,0.131378,0.000742
0.141727,0.131409,0.000718
0.137861,0.131472,0.000686
0.131620,0.131542,0.000647
0.121126,0.131416,0.000598
0.105338,0.131227,0.000547
0.086954,0.131289,0.000510
0.069401,0.130303,0.000493
0.053696,0.112571,0.000485
0.039813,0.080749,0.000467
0.027682,0.054231,0.000418
0.017725,0.034430,0.000327
0.010830,0.019789,0.000195
0.009110,0.008619,0.000065
0.000000,0.000000,0.000000
0.148868,0.113756,0.000672
0.145714,0.113796,0.000650
0.140862,0.113875,0.000621
0.133162,0.113962,0.000585
0.120591,0.113823,0.000542
0.102418,0.113614,0.000497
0.082086,0.113694,0.000465
0.063425,0.113725,0.000452
0.047417,0.104768,0.000448
0.033851,0.080728,0.000435
0.022505,0.054216,0.000392
0.014228,0.034418,0.000306
0.011194,0.019779,0.000181
0.012189,0.008614,0.000059
0.000000,0.000000,0.000000
0.152008,0.097757,0.000599
0.148186,0.097809,0.000580
0.142356,0.097907,0.000555
0.133230,0.098014,0.000524
0.118672,0.097860,0.000486
0.098290,0.097626,0.000447
0.076237,0.097731,0.000421
0.056703,0.097778,0.000412
0.040639,0.095278,0.000411
0.027673,0.079205,0.000401
0.017539,0.054197,0.000361
0.012069,0.034405,0.000280
0.013121,0.019769,0.000164
0.015221,0.008609,0.000053
0.000000,0.000000,0.000000
0.153528,0.083234,0.000527
0.149047,0.083300,0.000511
0.142263,0.083421,0.000490
0.131766,0.083554,0.000463
0.115357,0.083381,0.000432
0.093010,0.083119,0.000400
0.069514,0.083254,0.000379
0.049362,0.083322,0.000374
0.033471,0.083093,0.000375
0.021316,0.074238,0.000366
0.012817,0.054172,0.000326
0.010948,0.034388,0.000250
0.014775,0.019758,0.000145
0.016982,0.008604,0.000046
0.000000,0.000000,0.000000
0.153312,0.070055,0.000458
0.148191,0.070139,0.000445
0.140496,0.070289,0.000427
0.128721,0.070454,0.000405
0.110667,0.070258,0.000379
0.086675,0.069960,0.000354
0.062077,0.070136,0.000338
0.041590,0.070230,0.000336
0.026102,0.069972,0.000338
0.014951,0.067127,0.000328
0.008628,0.053615,0.000289
0.010545,0.034365,0.000217
0.015592,0.019743,0.000124
0.017264,0.008598,0.000039
0.000000,0.000000,0.000000
0.151232,0.058101,0.000393
0.145509,0.058208,0.000382
0.136971,0.058395,0.000367
0.124061,0.058602,0.000350
0.104644,0.058376,0.000330
0.079419,0.058032,0.000309
0.054114,0.058261,0.000298
0.033610,0.058392,0.000298
0.018789,0.058097,0.000301
0.008931,0.057811,0.000290
0.005949,0.050227,0.000250
0.010645,0.034333,0.000184
0.015499,0.019724,0.000103
0.016250,0.008589,0.000032
0.000000,0.000000,0.000000
0.147135,0.047269,0.000331
0.140867,0.047406,0.000322
0.131594,0.047643,0.000310
0.117753,0.047903,0.000297
0.097359,0.047638,0.000282
0.071398,0.047231,0.000266
0.045830,0.047533,0.000258
0.025663,0.047713,0.000260
0.011884,0.047371,0.000262
0.004544,0.047039,0.000249
0.006392,0.044519,0.000211
0.011039,0.034001,0.000153
0.014628,0.019695,0.000084
0.014228,0.008577,0.000025
0.000000,0.000000,0.000000
0.140810,0.037470,0.000272
0.134085,0.037649,0.000265
0.124232,0.037953,0.000256
0.109758,0.038288,0.000246
0.088892,0.037964,0.000235
0.062777,0.037470,0.000223
0.037414,0.037874,0.000217
0.017978,0.038125,0.000220
0.006122,0.037719,0.000221
0.005476,0.037326,0.000207
0.008737,0.037033,0.000172
0.011526,0.031351,0.000124
0.013264,0.019647,0.000068
0.011610,0.008556,0.000020
0.000000,0.000000,0.000000
0.131897,0.028640,0.000214
0.124855,0.028878,0.000208
0.114662,0.029281,0.000202
0.099992,0.029723,0.000196
0.079312,0.029312,0.000188
0.053688,0.028689,0.000178
0.029008,0.029239,0.000174
0.010783,0.029594,0.000177
0.004418,0.029094,0.000176
0.008994,0.028614,0.000161
0.011157,0.028266,0.000134
0.011931,0.026418,0.000098
0.011660,0.019075,0.000054
0.008770,0.008514,0.000016
0.000000,0.000000,0.000000
0.119670,0.020756,0.000156
0.112542,0.021091,0.000152
0.102399,0.021647,0.000148
0.088196,0.022252,0.000144
0.068573,0.021700,0.000138
0.044157,0.020871,0.000131
0.020652,0.021647,0.000127
0.004454,0.022161,0.000128
0.007423,0.021517,0.000124
0.012033,0.020900,0.000112
0.013007,0.020470,0.000094
0.012013,0.020135,0.000070
0.009883,0.016641,0.000040
0.006016,0.008424,0.000012
0.000000,0.000000,0.000000
0.101958,0.013924,0.000092
0.095188,0.014429,0.000090
0.085866,0.015242,0.000088
0.073334,0.016101,0.000086
0.056086,0.015309,0.000082
0.033729,0.014140,0.000076
0.012056,0.015276,0.000073
0.002971,0.016050,0.000071
0.010288,0.015170,0.000066
0.013758,0.014320,0.000059
0.013732,0.013747,0.000050
0.011239,0.013329,0.000039
0.007619,0.012286,0.000023
0.003552,0.007421,0.000007
0.000000,0.000000,0.000000
0.069838,0.006741,0.000030
0.064656,0.007049,0.000030
0.057837,0.007536,0.000029
0.049171,0.008048,0.000028
0.037151,0.007594,0.000027
0.019758,0.006917,0.000024
0.003412,0.007581,0.000023
0.006079,0.008029,0.000021
0.009962,0.007509,0.000019
0.011794,0.007006,0.000016
0.011162,0.006666,0.000014
0.008233,0.006415,0.000011
0.004651,0.006180,0.000007
0.001894,0.004470,0.000002
0.000000,0.000000,0.000000
0.000000,0.000000,0.000000
0.000000,0.000000,0.000000
0.000000,0.000000,0.000000
0.000000,0.000000,0.000000
0.000000,0.000000,0.000000
0.000000,0.000000,0.000000
0.000000,0.000000,0.000000
0.000000,0.000000,0.000000
0.000000,0.000000,0.000000
0.000000,0.000000,0.000000
0.000000,0.000000,0.000000
0.000000,0.000000,0.000000
0.000000,0.000000,0.000000
0.000000,0.000000,0.000000
0.000000,0.000000,0.000000
0.127299,0.008650,0.000190
0.007644,0.000193,0.000010
0.156353,0.003936,0.000177
0.005539,0.000140,0.000007
0.127020,0.008704,0.000190
0.087967,0.018074,0.000443
0.088726,0.017665,0.000252
0.247622,0.019121,0.000719
0.219042,0.011300,0.000507
0.099849,0.011770,0.000404
0.417411,0.017089,0.001260
0.458165,0.010308,0.001811
0.406800,0.010644,0.000928
0.458724,0.010239,0.001824
0.499606,0.000188,0.006069
0.490783,0.003990,0.002347
0.499707,0.000140,0.006106
0.500000,0.000000,0.006213
0.480557,0.008243,0.002623
0.461996,0.015504,0.001645
0.490100,0.004259,0.000656
0.490063,0.004269,0.000653
0.497919,0.002710,0.000864
0.499963,0.000134,0.006053
0.490062,0.004287,0.000651
0.482046,0.005589,0.000418
0.018489,0.000085,0.000006
0.024210,0.000112,0.000007
0.012857,0.000059,0.000005
0.000000,0.000000,0.000003
0.000000,0.000000,0.000003
0.000000,0.000000,0.000003
0.424423,0.004670,0.001480
0.252286,0.006187,0.000396
0.127266,0.004763,0.000270
0.218949,0.011231,0.000506
0.426092,0.004605,0.001502
0.425896,0.004631,0.001496
0.259290,0.000081,0.003074
0.357693,0.001951,0.001508
0.477283,0.000000,0.005931
0.490953,0.004015,0.002334
0.426473,0.004653,0.001493
0.020601,0.000078,0.000024
0.499969,0.000080,0.005975
0.490409,0.001354,0.000332
0.500000,0.000000,0.006213
0.025617,0.000107,0.000008
0.020313,0.000085,0.000005
0.010797,0.000103,0.000008
0.155127,0.003946,0.000202
0.154119,0.003975,0.000203
0.126686,0.004698,0.000267
0.000000,0.000000,0.000000
0.126395,0.004743,0.000268
0.153971,0.003990,0.000204
0.211717,0.010029,0.000132
0.010627,0.000281,0.000005
0.232389,0.006569,0.000129
0.007737,0.000205,0.000004
0.230650,0.004570,0.000075
0.000000,0.000000,0.000000
0.211730,0.010070,0.000132
0.232406,0.006610,0.000129
0.206662,0.015356,0.000158
0.232849,0.008075,0.000149
0.232926,0.008048,0.000149
0.232891,0.008040,0.000148
0.233059,0.008022,0.000149
0.232611,0.006557,0.000129
0.250630,0.000173,0.000147
0.250268,0.000000,0.000146
0.245565,0.003417,0.000115
0.253192,0.000129,0.000123
0.253067,0.000000,0.000122
0.206607,0.015357,0.000158
0.232798,0.008076,0.000149
0.197713,0.021435,0.000138
0.216613,0.012608,0.000133
0.216674,0.012592,0.000133
0.232954,0.008023,0.000149
0.249706,0.000181,0.000146
0.216768,0.012554,0.000133
0.235091,0.003788,0.000127
0.234242,0.000150,0.000118
0.234235,0.000000,0.000118
0.197662,0.021498,0.000138
0.216538,0.012670,0.000133
0.177140,0.027576,0.000106
0.202715,0.016970,0.000078
0.217990,0.013695,0.000103
0.177005,0.027554,0.000106
0.202576,0.016948,0.000077
0.142221,0.022753,0.000096
0.129422,0.012765,0.000046
0.176704,0.015417,0.000046
0.141891,0.022717,0.000096
0.129099,0.012729,0.000046
0.107939,0.018074,0.000112
0.094074,0.008861,0.000044
0.094154,0.008840,0.000043
0.093874,0.008802,0.000043
0.128890,0.012669,0.000046
0.004606,0.000209,0.000000
0.098605,0.003439,0.000009
0.003214,0.000146,0.000000
0.000000,0.000000,0.000000
0.247208,0.002174,0.000018
0.241653,0.002925,0.000070
0.010227,0.000111,0.000001
0.241585,0.002934,0.000071
0.000000,0.000000,0.000000
0.245344,0.003438,0.000115
0.241513,0.002955,0.000071
0.241630,0.002930,0.000071
0.241676,0.002910,0.000071
0.247017,0.000059,0.000091
0.250873,0.000044,0.000056
0.247018,0.000000,0.000091
0.252879,0.000000,0.000121
0.206234,0.009992,0.000027
0.141820,0.006250,0.000018
0.223614,0.006527,0.000053
0.141289,0.006203,0.000017
0.202965,0.016809,0.000077
0.099235,0.003461,0.000009
0.141131,0.006165,0.000017
0.140861,0.006157,0.000017
0.140227,0.006118,0.000017
0.002842,0.000059,0.000000
0.000000,0.000000,0.000000
0.223919,0.006438,0.000054
0.234716,0.003298,0.000073
0.234649,0.003293,0.000073
0.234763,0.003255,0.000073
0.234331,0.000093,0.000072
0.223993,0.006391,0.000054
0.229902,0.000068,0.000031
0.239251,0.000091,0.000053
0.238959,0.000000,0.000052
